date,method,crypto_ADA-USD,crypto_BCH-USD,crypto_BTC-USD,crypto_EOS-USD,crypto_ETC-USD,crypto_ETH-USD,crypto_LTC-USD,crypto_TRX-USD,crypto_XLM-USD,crypto_XRP-USD,equity_ABBV,equity_ABT,equity_ADBE,equity_AEP,equity_AMD,equity_AMGN,equity_AMT,equity_BA,equity_CAT,equity_CCI,equity_CMCSA,equity_COP,equity_CVX,equity_D,equity_DD,equity_DIS,equity_DOW,equity_DUK,equity_EA,equity_GE,equity_GILD,equity_GS,equity_INTC,equity_KO,equity_MMM,equity_MRK,equity_MS,equity_NEE,equity_NEM,equity_NKE,equity_NUE,equity_NVDA,equity_O,equity_OXY,equity_PLD,equity_PSA,equity_QCOM,equity_SBUX,equity_SHW,equity_SLB,equity_SO,equity_T,equity_TMUS,equity_TTWO,equity_UPS,equity_USB,equity_V,equity_WFC,equity_WMT,equity_XOM
2020-12-31,min_variance,2.949029909160572e-17,3.0574501264091225e-17,0.8621377534469699,0.0,0.0,4.9060148304969076e-17,0.0,0.105591529864915,0.00640025734044678,0.025870459347668413,,,,,,,,,,,,,,,,,,,,,,,,,,,,,,,,,,,,,,,,,,,,,,,,,,
2021-02-02,min_variance,0.0,1.0680547839098151e-17,1.0502201700488168e-18,0.0,8.767609391744304e-19,0.0,0.0,7.013101947725113e-18,0.0,0.0,0.1432896203494594,1.8831669883434215e-17,1.2556546518224042e-17,0.0,0.0,4.786580064718889e-17,0.0,0.0,1.7086949093053003e-17,0.0,8.88614737113664e-18,0.0,0.0,0.0,2.6690955875125834e-17,8.966852418017195e-18,1.2859481100879135e-17,0.0,0.09068916956591613,0.0,0.11808754655747854,0.0,1.0514924494829447e-17,0.0,0.10157933120460079,0.07190932221341974,3.018441444895668e-17,0.0,0.12636380875033312,3.3326216960177725e-17,0.0,0.0,0.0,4.9752846763674174e-17,0.0,0.07745652434960026,0.0,0.0,0.0,1.8157990987265417e-17,0.0,0.0,1.1995144450466434e-17,0.031466219934060825,0.010291691948979463,3.0876781399872857e-17,1.3885839249886614e-17,0.0,0.228866765126152,0.0
2021-03-04,min_variance,0.0,3.823642522459283e-19,2.592980420023234e-17,0.0,0.0,0.0,1.9064602376071556e-17,0.0,0.0,0.0,0.14278858188426155,8.751029026845355e-18,0.0,0.0,0.0,0.0,0.0,4.759662888462809e-17,0.0,0.0,8.947442646387104e-18,0.0,3.0312324894787187e-18,2.708531662468505e-17,4.830485547170546e-19,1.506710514859095e-17,0.0,8.396693177370718e-19,0.09266260432664776,0.0,0.15422114216039873,0.0,6.4703184347420205e-18,0.0,0.06480298011813063,0.06769763208709716,8.7381229055718e-18,1.4153040281439764e-17,0.12576314900264104,1.7210544841793906e-17,0.0,0.0,0.0,0.0,2.575403183050877e-17,0.11769317603814916,8.64301080733886e-18,0.0,0.0,0.0,0.0,0.0,0.0,0.000878734943891782,1.995821372647231e-05,0.0,6.8774630866038574e-18,3.165898682361831e-17,0.23347204122505588,0.0
2021-04-05,min_variance,0.0,0.0,7.784060689510946e-05,2.1182266592658166e-17,0.0,0.0,5.082456145692737e-18,0.012900555869181362,0.0,3.768071147974351e-18,0.11551812033892175,8.177778832722901e-18,1.8875807568771465e-17,0.004116062406264722,0.0,0.0,5.601269211460199e-19,5.7220072407087955e-18,0.0,6.344536951801694e-18,6.107896129354305e-18,0.0,0.0,0.06228461921086363,0.0,0.0003101903371145714,0.0,1.528164381036682e-17,0.09219244312779876,2.7948753794139232e-18,0.05012212821034831,1.5118136497325467e-17,5.7107163963135806e-18,8.38918573561382e-18,0.10660531988938335,0.05278995827443247,0.0,7.237862355775287e-19,0.0,0.002827790219119203,6.313141490188586e-18,0.0,0.0,0.0,0.0,0.11304080111017539,1.9577363590319745e-17,0.0,2.518380868149093e-18,1.2880469543188585e-17,1.1796317855812073e-17,0.0964254492637262,1.6738807695991023e-17,0.07448661931342027,9.848036069054169e-18,0.0,9.4466457918453e-18,0.0,0.21630210182235485,2.125446987873445e-19
2021-05-04,min_variance,3.6341227968885455e-18,0.0,0.004524988310224369,1.3001104931596267e-17,2.709522312020988e-18,0.0,0.0,0.009550016584046087,5.269957470675347e-18,0.0,0.08171191416710875,1.2990934783117991e-17,1.704398653042156e-17,0.05406391851428974,0.0,1.019530181746306e-17,3.4268440563982163e-18,0.0,1.8256420375939883e-17,2.0568991563841725e-18,8.189568540725609e-18,6.1131218994259364e-18,0.0,0.08353500845160085,2.1379538848747225e-18,1.97889304058007e-17,0.0,0.020413172958814344,0.06641688036130845,0.0,0.04628926139984124,0.0,0.0,0.0,0.07256494403901238,0.10632861838492114,0.0,0.0,0.0,0.026342958908831624,0.0,0.0,0.0,0.0,0.0,0.062397313391741746,0.0,0.0,1.2972917849637295e-17,1.0886135776263134e-18,6.847662687600864e-18,0.11564750324610636,5.034886275880188e-19,0.05838557530811292,6.2810749403283204e-18,0.0,3.3754169678175592e-18,4.341506366528787e-20,0.19182792597404005,0.0
2021-06-03,min_variance,4.45629208091616e-18,5.392158716070433e-18,0.0,0.0,7.841873768414932e-19,9.036085464728554e-18,6.8355911043526774e-18,0.0038566861218272633,2.3039301022469972e-18,5.253544373511397e-18,0.05016818996584496,0.0,9.656997726019446e-18,0.08497253287758642,0.0,0.0,0.0,0.0,0.0,1.7128969153097293e-17,0.0,0.0,0.0,0.05141011649075797,4.734152516058256e-18,0.007979333576405769,0.0,0.01714936089653013,0.06422189505468254,0.0,0.05575980957946057,0.0,5.573651746027372e-19,0.0,0.08591489918595364,0.11731246552031517,0.0,0.0,0.0,0.023532053143037024,6.030731234767142e-18,0.0,1.8137216914812752e-17,1.787527759654939e-17,0.0,0.09107377588388152,0.0,5.2781964328598176e-18,3.2384141224298302e-18,0.0,0.0,0.11627945888482279,1.9461327395061352e-18,0.057254839302305585,3.869901817039981e-18,0.0,0.0,0.0,0.17311458351658868,3.786180726164075e-18
2021-07-02,min_variance,9.600264119869464e-18,0.0,0.0,1.6947225853727995e-18,0.0,4.156803578818003e-18,0.0,0.007430055464664998,2.6719132817228192e-18,0.0,0.042578182391901226,0.0,0.0,0.07693611271756075,0.005160156962925686,0.0,3.252899670907581e-18,3.405490174364218e-18,2.829171604308572e-18,0.054256468096809014,0.0,0.0,8.954344890989732e-18,0.02397941590509328,4.2355355855361286e-18,0.01521300150598915,6.768210559857942e-19,0.0,0.025545249188551986,2.0096078105787846e-18,0.025093750923203113,0.022274725016002278,0.0,0.0,0.09504655348650044,0.13127889933102974,7.214955561945173e-18,0.0,5.529005383914922e-19,0.033572187819421444,4.225546381538224e-18,0.0,2.4537811080416246e-18,0.0,0.0,0.1079315585918432,9.582049218296458e-19,0.021514201439098504,0.0,0.0,0.0,0.15865243752182376,0.0,0.05414156244072744,3.4136184244902156e-18,8.405898908908881e-18,2.694352132442929e-18,6.698649561716168e-19,0.0993954811968539,0.0
2021-08-03,min_variance,0.0,3.4025116439844046e-18,4.650515202022314e-18,6.583610452013528e-18,0.0,1.2452010270637228e-18,0.0,0.0070830420397256675,8.443025007774886e-18,3.0604301777102826e-20,0.032770210710111394,0.009304059401187122,0.0,0.07791336014646498,0.0008063872351492474,1.0021482200300196e-18,8.097332804345346e-18,0.0,0.000836100121019573,0.06529539499999726,7.14033281748499e-18,0.0,0.0,4.127456099110906e-18,0.0,0.015933150474095804,0.0,0.016172846572783464,0.02100966306545375,1.4889495055416014e-18,0.02032815667566355,0.022175319445503404,5.083027597411923e-18,0.0,0.08498283059649187,0.14118337496375277,0.0,6.152178644581292e-18,6.190561060362101e-18,0.035866209927269445,0.0,3.190200514560368e-18,3.2611897805123704e-19,0.0,0.0,0.10380307306783026,0.0,0.01245748186924083,0.0,4.5380059390992234e-18,0.0,0.16778988269567627,1.2572943868968734e-18,0.060390267972551856,0.0,2.4585322617059475e-18,0.0,2.871264870804448e-18,0.10389918802003152,0.0
2021-09-01,min_variance,0.0,0.0,0.0,5.934227146873087e-18,0.0,1.1806373783227565e-17,8.387806447588078e-18,0.007532994349902933,1.9590611581299368e-18,0.0,0.024420050879830422,0.007831433601431891,0.0,0.08563212230019948,0.009912590944822509,8.698297800450661e-19,5.009063838406944e-18,0.0,0.0008217309245381825,0.06923701649224276,0.0,0.0,0.0,0.0,0.0,0.015183908605153647,1.9395966502549535e-18,0.013309631727808349,0.017654820783347916,0.0,0.02053332323074774,0.028756890193221706,0.0,5.9054856573552866e-18,0.07799047094526713,0.12645693234654432,0.0,0.0,0.0,0.03216621204981519,1.2195678426567471e-18,7.627048332739089e-18,0.0,4.147047290797227e-18,0.0,0.1171453188735499,0.0,4.3719959478001024e-05,8.134495588835987e-19,0.0,9.797755024418714e-18,0.16736179570719587,0.0,0.062125846762321975,0.0,0.0,0.0,4.710972643365186e-18,0.11588318932258015,1.084680973461187e-18
2021-10-01,min_variance,8.511389180270531e-21,0.0,0.0,0.0,3.503628086881241e-18,3.4585570871621478e-18,1.872502312059971e-17,2.1785252003240082e-18,0.0,0.0,3.924680978250242e-18,0.03250788912892247,3.9133851846743454e-19,0.04760077904381907,0.01958193569081053,1.494206842382863e-18,0.0,0.0,5.27954286880743e-18,0.09363225264734956,1.0932944173127047e-17,0.0,5.450689898451189e-18,5.166505851595011e-19,0.0017594200830964555,0.00640630213462583,0.0,0.047979829108490114,0.04127809279174577,0.0,0.009940706874069713,0.04677052239508475,0.0017109351557975643,0.013459492389658847,0.0727698407439456,0.14158328960959524,0.0,0.0,5.012676156459346e-18,2.8539296594437624e-18,0.0,9.486769009248164e-18,4.0872368541646886e-18,0.0035506038239350676,0.0,0.09625286938438796,3.2088068767565503e-18,0.01709207532062158,3.348104206483378e-18,6.640738306473715e-19,3.599831979045091e-18,0.13582755051817821,7.630801359637835e-19,0.0432637537618751,0.0,2.263140999909045e-18,0.0,6.757380595802161e-19,0.12703185939399064,1.122510513592309e-18
2021-11-01,min_variance,0.0,1.0054504970110441e-17,0.0,3.646686579175924e-18,9.647901060241844e-18,0.0,4.270340162847376e-18,3.6087052454286474e-18,0.0,2.4483441421682285e-19,0.01772448696266459,0.05386099389663128,1.7458522446669366e-17,0.04841056230948644,0.03720630755430798,3.431539576634292e-18,8.765663165323386e-18,9.588586317645611e-18,0.0,0.05711766963956803,8.609734914271582e-19,0.001852411397957898,0.0,8.978650987079806e-18,0.0,6.185708971695954e-18,2.2487243160589552e-18,0.05600107010607308,0.05277186224984548,5.742570247842828e-19,0.04427381641641676,0.06289130455831476,0.0,0.06438951703618066,0.06901964033276235,0.07001614730844581,0.0,3.725071379024998e-18,0.0010946183629636918,0.0,0.0,1.6840134076199186e-17,0.0,0.0038134290821136055,0.0,0.10084702729944167,1.8295908290807926e-18,0.01222934142889762,0.0,1.0782491670964077e-17,3.1792534256473364e-18,0.10978711443070122,0.0007852738061029319,0.025827135008542428,0.006250946195326659,7.377631408607406e-18,0.0,0.0,0.10382932461725514,8.07742475766079e-19
2021-12-01,min_variance,1.0566446458647772e-18,1.0833414079662856e-17,8.44218387396946e-18,0.0,8.655398150587355e-18,1.4581933036022814e-18,0.0,0.0,4.053110092432336e-18,4.171998279162506e-18,0.02998989914303049,0.07971526920589654,0.0,0.049219121125003464,0.024994330917127043,4.2989872083107685e-18,0.0,5.4208799759274626e-18,0.0,0.0011622201036558043,1.6531180657735729e-18,0.012341114054075253,0.013299182897821976,9.114141024988272e-20,1.7051819747151155e-18,0.003878550498493165,0.0,0.06612417863506187,0.0679859330379447,0.0,0.03819574261408194,0.051461533899665686,0.006857010544158695,0.0391896980190505,0.060875563645166865,0.031696416224158516,3.802617610468784e-19,0.0,0.015041559188452056,0.0025576141854725047,4.2312931793122495e-18,0.0,0.008831248880809951,0.0,0.0,0.12300674280631466,0.0,0.01131864701131039,0.02269169280490024,2.537454754785939e-18,0.013384738373006723,0.08728198473218098,6.086691324684289e-18,0.022253344383486178,0.002244344318494313,0.0,1.5226320907841156e-18,0.0,0.11440231875117951,0.0
2021-12-31,min_variance,3.2698989462784213e-19,3.628529438349407e-18,0.0,0.0,1.2247244135339643e-17,0.0,3.3230738003060726e-18,0.0,0.0,2.7213296555815803e-18,0.01871911016626175,0.07134820948583223,0.013782812815689518,0.04755859287352204,0.022277948584131117,0.0,0.0,5.398208169177339e-18,0.0,0.0,4.2755222188603895e-18,0.0,0.01899868452250925,0.0,2.210138676999853e-18,0.023657797965382147,5.060184084497283e-19,0.07050803373168212,0.06115532309514749,0.0,0.061757411697116536,0.04050997937391241,0.003932345856138311,0.030639324896370095,0.07978501572986832,0.04758744726531093,3.093683283492037e-18,1.0488373695077931e-17,0.018040466967926473,0.010540414971724392,1.6317047526253425e-18,0.0,0.003773941573236371,0.0059175761418192654,4.817035994877014e-18,0.11200989408085578,0.0,4.042239820362531e-18,0.0030064523271337387,0.0,0.017193760605624442,0.07627253695322926,6.589670959468022e-18,0.0199447221540159,0.002155386265272154,0.0,1.024835657994549e-17,1.3064046252408577e-18,0.11892680990028806,0.0
2022-02-01,min_variance,0.0,0.0,1.9114209136685715e-18,6.078618469319404e-18,1.198867511999375e-17,0.0,7.206413661795679e-18,0.0,9.39630660326403e-18,0.0,0.04883101703458981,0.03850329673806729,0.004846264059317592,0.04747650316204456,0.007903189347755192,0.0,0.0,0.0,0.017557142258594536,1.3194963814791425e-18,3.161855233111063e-18,7.483377461725168e-18,0.07854141824686976,1.268438938762472e-17,0.0,0.015940133296090335,0.0,0.060273768014872164,0.062334387556074886,1.5269606206252257e-21,0.0685512244351227,4.440451676746998e-05,0.014269694896774246,0.03765362153649328,0.014701251391240561,0.06059800471110537,0.02136399993090744,5.352908092473686e-18,0.01282763516152926,0.017144345089700915,0.0,0.0,0.012777030586118883,0.0,0.0,0.10342337551089507,2.0314841721158413e-18,0.02164419397376579,0.012035978926062998,0.0,0.08204905694287404,0.00800279540653813,0.0,0.03106750317474074,0.004011226030126058,0.0,0.0,0.0,0.09562753806496097,1.9915184182618406e-18
2022-03-03,min_variance,1.7073536818879392e-18,0.0,1.6619806309633298e-18,0.0,9.112574284072176e-18,0.0,0.0,0.0,0.0,9.42612494734767e-18,0.03836646556030618,0.012746283465899837,0.01139649706142179,0.038349246271424976,3.0363954079306126e-18,4.573495143534285e-19,1.6205124175696973e-18,1.0626721956912589e-18,0.005232527284002285,0.0,4.40628903818608e-18,0.0,0.05479351835096983,9.879022908256548e-21,1.9505731595906017e-18,0.07024183354210452,0.0,0.014593814139812188,0.06746644346081128,0.0,0.13945938284400503,0.0,0.0,0.08614511530148959,0.0,0.04732735161897574,0.015485763840200605,8.831701910721405e-18,0.024343255748737802,0.020463001507575188,0.0,4.480715739149171e-18,0.0038829027371995533,0.0045611922874112835,0.0,0.07414849238819017,2.342871070617503e-18,0.0,0.0,4.897164950521837e-18,0.07191381671701609,0.0,8.902981856538226e-19,0.04238864252972896,0.00828211839700807,3.1432556093144164e-18,2.9617945353916998e-18,2.5720753382155472e-18,0.14841233494570913,0.0
2022-04-01,min_variance,5.708644181105715e-18,4.671224605231263e-18,0.0008887079235922879,0.0,0.0,0.0,6.022725878192931e-18,0.0,0.0,0.0,0.04487473663351625,0.003712970191508603,0.008381578734634408,0.02404720477945721,0.0026788716030237093,7.66491568447868e-18,0.0,0.0,0.025998031386907157,1.2175729905894391e-18,0.0,0.0,0.08905811086035383,3.12308718098184e-20,0.0,0.048079969637695556,3.837718957763121e-18,0.025317357857528314,0.07366859349983454,2.449386437203941e-18,0.14488232587999864,3.279847281621643e-18,0.003763816718188669,0.08003523449132054,4.887859646936314e-20,0.04982251084139187,0.0,0.018043247602115897,0.031846032986350824,0.012215078516027099,8.233290298924071e-18,0.0,0.011608605730648012,6.827212349402371e-18,3.8254986375914876e-18,0.04833834823986125,0.0,0.0,0.010525386460879027,0.0,0.07526717836554724,4.128911437111578e-18,0.014012149864203061,0.033081192114049654,3.360297891768729e-18,0.0,8.198057486719272e-20,0.0,0.11985275908136636,6.533825167840514e-18
2022-05-03,min_variance,0.0,4.851935230766055e-18,3.472676058497087e-18,2.1551377713052116e-19,0.0,5.4270359547640786e-18,0.0,0.0,3.392961838713662e-18,6.829665915032191e-18,0.022277021026646825,8.146289411805487e-19,0.013422941621566816,0.0,0.0,0.012030346593259144,2.6872767578895147e-18,0.0,0.034418462348710044,1.1047320308388236e-18,5.574492827642078e-20,3.6012647939637884e-18,0.06975422984390148,1.9170303206260876e-18,3.2383708683096585e-18,0.03778338520664359,0.0,0.0778740324077001,0.09277318933404055,0.0,0.14273716271026868,0.0,7.89037454967243e-18,0.10760161983783503,8.282406207556667e-18,0.05642196132564311,4.718427593763539e-18,0.0,0.05060617172407275,6.888957338289958e-18,3.503765462045329e-18,1.1643056018160773e-18,7.060646786874761e-18,1.0767368079424032e-17,1.149749150265115e-18,4.606642546602182e-18,1.9380425257685506e-18,0.0,0.06912554052828802,0.0,0.062371431886724664,1.2969874169449118e-18,2.7704359281573755e-19,0.035965054330721835,0.0,0.0,6.689867538855683e-19,0.0,0.11483744927397743,0.0
2022-06-02,min_variance,0.0,3.526761513902405e-18,0.00865429563885683,3.854022826952785e-19,0.0,2.037260464864149e-18,0.0,1.8635153117805478e-18,0.0,2.886617604524185e-18,0.06379425410878799,2.0347632506619706e-18,0.001552782205227879,1.89150448109713e-17,1.041562422544291e-17,0.028288516414345637,0.0,9.882883729469268e-19,0.016801947526613584,0.0,0.0,0.0,0.036460996860498224,1.81413817405717e-18,9.860067896698152e-19,0.05368644603272773,0.0,0.1506224060609813,0.09648930123497436,0.0,0.18148302219603263,3.2823031145063158e-18,0.0,1.0601282247312112e-21,0.0,0.07022250208212505,2.8993801388297933e-18,0.0,0.06571416021982157,0.0,8.897560879559595e-18,7.854171253892247e-19,7.968092393249732e-19,2.8499417999704832e-18,4.5102618799689344e-18,0.0,8.702499398069717e-19,5.112614925657137e-18,0.05298143114526607,3.506108990062931e-18,0.061995486235277654,3.436774669747479e-18,0.0,0.023751609423284564,0.004096357676791156,1.9184733873397212e-18,5.721304574297429e-19,0.0,0.08340448493838767,0.0
2022-07-05,min_variance,0.0,5.450862443742196e-19,0.0,0.0,9.961597058753582e-19,3.994734377857191e-18,2.2025832062680684e-19,0.0,5.5014450603068326e-18,2.0208769626813928e-20,0.048926909410999087,0.0,0.0,0.0,1.0580941516205899e-17,0.06750896170951864,1.8152129390003803e-17,0.0,0.009194398214667766,6.415479289618468e-19,2.0136650703207964e-18,1.0424957126275395e-21,0.044415058688620536,2.7704899346920344e-18,7.756634666452204e-19,0.05317936304263712,0.0,0.16701063729589488,0.09243894260950254,0.0,0.1781270914803581,0.0,0.0004927455786708005,0.026119389767720453,0.014437553724730707,0.060786368181336294,1.9268297636371927e-19,5.403474339581281e-19,0.062138021059817534,0.0,1.3036925813811174e-17,0.0,5.261928821031621e-18,7.39532367228748e-18,2.7329961243600383e-18,0.0,5.265978569043505e-19,0.0,0.016506629265393577,0.0,0.01056743096866056,0.0,1.427044975067854e-18,0.026110786705434083,0.009001612820946194,1.4349502980610235e-18,0.0,4.690805089267319e-18,0.11303809947509126,6.100877780399524e-19
2022-08-03,min_variance,0.0,1.2523340865853508e-18,0.0,0.0,0.0,2.290004270797546e-18,0.0,1.3850692554040196e-18,0.0,4.039185539903802e-18,0.05694562722593688,0.0,1.111978743850865e-17,0.00800107455367335,0.0,0.06808950115555953,0.0,5.31772335866474e-18,8.834106207056573e-18,0.0,0.0,5.258324878152766e-18,0.04690450405554735,1.1627437602531727e-19,0.0,0.05338890579773059,0.0,0.15794934221941415,0.09655087581379894,2.7850882876170636e-18,0.1753036686856712,2.2504534216919705e-18,0.0,0.027537080693187905,0.03090579457496232,0.06115722154808919,2.0249311323851466e-18,1.227640837300497e-18,0.06108676186081119,0.0,0.0,0.0,0.0,1.0392081035868292e-17,7.446383409744312e-18,6.101548483233505e-18,2.1697815985061732e-19,0.0,0.023720515037481075,0.0,0.0,0.0,3.425367909237321e-18,0.02519470486816306,6.600345420536498e-19,0.0,6.6734825994428066e-18,0.0,0.10726442190997322,1.1077977379514797e-18
2022-09-01,min_variance,1.0092348773510007e-18,0.0,1.0016008023846266e-17,0.0,8.860112361750601e-18,4.966062192665665e-18,0.0,2.1028905041062833e-19,9.865908304878995e-18,1.9618350484515376e-19,0.05058305045290038,0.0,0.0,1.8001665172510838e-17,6.1524517463271656e-18,0.1356331510840603,5.344261213976398e-18,0.0,1.6173994282731114e-17,0.0,1.7666486270409332e-18,9.804504638242053e-18,0.07367796083712103,0.0,9.463322796740924e-19,0.02950809866298112,2.561322811410518e-19,0.10411626352123328,0.10207157444859816,0.0,0.14301450533395882,4.4886370378658556e-18,0.0,0.03355540772167963,0.0,0.0664057467565425,0.0,3.104278258715671e-18,0.06112919602490466,1.3611715894341722e-17,8.33586727206938e-18,0.0,0.016826826284749494,6.905646512194489e-18,0.0,0.0,0.0,0.0,0.026752836825902487,0.0,0.0396428287562178,0.0,0.0,0.01271130003763462,0.005280612239888167,7.99413106641714e-18,7.526167400937369e-18,0.0,0.09909064101162772,2.1939752232857483e-18
2022-10-03,min_variance,0.0,0.0,2.3369004645676168e-18,2.1335033474799355e-18,0.0,7.087475639394502e-18,0.0,0.0,2.5838817999089838e-17,0.0,0.07390813657323139,8.019290256420104e-18,0.0,7.454493632315952e-18,0.0,0.165907027836871,0.0,0.0,0.0,0.0,2.0646385207030284e-18,0.0,0.07775609237870176,0.0,0.0,0.0,0.0,0.0509885741944093,0.09532542509578301,0.0,0.10028048914192106,0.0,4.657494347749282e-18,0.06506771613083415,0.019297040695990163,0.07829023251692976,2.1628459617824005e-18,0.0,0.05518130306929203,0.0,2.99381381220253e-18,1.6678859023596575e-18,0.07491176476232712,2.2357448009592286e-18,0.0,0.0,0.0,5.312410041322379e-18,0.01343499361496022,0.0,0.0,0.0,9.230005371571142e-18,0.012479688190960413,0.00014342542947772582,5.6947020706337966e-18,2.1569738527376395e-17,3.501145521656075e-19,0.11702809036831092,0.0
2022-11-01,min_variance,7.138915280427472e-18,1.8483705010013282e-18,2.2327903751613206e-18,0.0,0.0,0.0,4.31020451416302e-18,1.888990142242268e-18,0.005755926903872641,1.775049503071964e-18,0.09055350734525446,1.6127150652478224e-18,0.0,1.5197979720457394e-17,4.151314338530181e-18,0.17147094402025043,0.0,6.869593446064099e-18,1.4913460904790284e-18,0.0,7.204551226565256e-18,0.0,0.07230259219140125,3.416417509055122e-19,7.460668863543725e-18,2.9339494093583034e-18,0.0,0.020018168519353032,0.10588146309933967,4.14930426110374e-18,0.04025867763811887,0.0,0.0,0.0789075974994339,0.0,0.13356083115998893,0.0,0.0,0.05641903652748877,0.0,1.4510760903452024e-18,1.5832483909249658e-17,0.07934436661820893,6.401888016050523e-18,1.3465873047229917e-17,0.0,2.7979471990390617e-18,7.491619578642184e-19,2.618317451365889e-18,0.0,0.0033365068381072797,0.0,0.0,0.017746331893672578,0.015485497860275543,1.030162495907999e-18,1.4056826744043073e-19,0.0,0.10895855188523382,0.0
2022-12-01,min_variance,9.866803472128565e-19,1.0152831399984567e-19,0.0,0.0,6.167381689637645e-18,0.0,4.775454658291964e-18,6.737519369425446e-18,7.168341886111714e-18,0.0,0.06493131746371666,0.0,8.939752825575325e-18,0.0,0.0,0.17102260939393085,7.610129238946574e-18,6.684855236992834e-18,3.53203387088712e-19,1.6409954936078725e-18,0.0,5.219686902089327e-18,0.05657503295240682,0.007064423407465581,0.0,4.0881257824007715e-18,4.434498817684106e-18,0.01121922793751911,0.10794621500537048,0.0,0.02444370461630226,0.0,0.0,0.09108713571987939,0.0,0.24041160886797827,0.0,7.6817628913062815e-19,0.014086802082784096,5.0234836367050765e-18,1.379828068521657e-18,1.1314003508192773e-17,0.04361379077862276,0.0,0.0,7.50057776619567e-18,0.0,0.0,1.1492990492070371e-17,0.0,1.6288915098290904e-17,9.481623543282982e-18,8.534146048426508e-19,0.03635369926879695,6.384177745304602e-18,0.0,0.0,1.3046101771753986e-18,0.11286056338355759,0.01838386912166929
2023-01-03,min_variance,0.0,0.0,9.758280468808658e-19,0.0,6.3768984093160165e-18,0.0,4.676259602656893e-18,0.00235774767934781,3.8056205021177934e-18,3.876350793541765e-18,0.07897706525663022,0.0,0.0,3.6495832312822516e-18,0.0,0.173872744818894,0.0,2.48067843722815e-18,0.0,5.8867872467825844e-18,0.0,8.638278666697247e-18,0.05039322296755477,0.014873533516461422,3.3590197519991865e-18,0.0,0.0,0.022537395303936465,0.1068279222292179,0.0,0.007370155355442839,9.681016454478681e-18,0.0,0.09154555836004757,8.091712358062441e-18,0.2213475108872564,8.989806705138288e-19,2.814893722426007e-18,0.01505724499398699,0.0,9.138342298908686e-18,1.8518710971944232e-17,0.061769659433379934,4.298118094870875e-18,3.3831239668888053e-18,0.0,8.61964259643728e-18,0.0,0.0,0.0,2.831228789234224e-18,0.00318698407764794,0.0,0.03415080658664337,9.405699048021105e-20,0.0,1.1064917907562742e-17,0.0,0.10733279442524941,0.008399654108303045
2023-02-02,min_variance,3.4083009932647288e-18,0.0,6.934946651678688e-18,1.1767651896333685e-19,0.0,0.0,6.970909653637913e-19,0.005319298385105824,6.944612169804902e-18,0.0,0.06428402105350274,9.825962838219376e-18,1.4907986351241405e-17,0.0,0.0,0.16950870907941687,0.0,0.0,0.0,0.0,1.1559513032810954e-17,1.5890832247483022e-18,0.04705677085785688,0.023454943045283557,5.480560230722149e-18,4.336408560154869e-18,1.0876961540097208e-17,0.020961936833325038,0.09587831562710056,4.601073698550742e-18,0.0,1.714056228004672e-18,1.89833132233026e-18,0.08272783107353622,5.507883677110005e-18,0.21817252356385167,0.0,5.651555496295675e-18,0.011824403646068514,7.572530353016922e-18,8.995441651482884e-19,8.19906899297174e-18,0.08072925245165734,1.2825731329979063e-17,0.0,8.024829118766823e-18,0.0,0.0,0.0,4.62287545517714e-19,0.0,0.03018506700392242,0.0,0.036487312595609764,2.2909447115194918e-18,7.655320856049884e-18,1.1217374357119955e-17,4.399952220138898e-18,0.10766826700790312,0.005741347775859465
2023-03-06,min_variance,0.0,5.262063019474757e-18,0.0,0.0,0.0,4.0089624304862725e-19,4.297672881419805e-18,0.0,8.774335756768737e-18,1.581202848661187e-17,0.05285312993588079,0.0,5.516154850181916e-18,1.238051004705059e-17,6.153893310385966e-18,0.2017455462413287,1.593209331335905e-18,1.7035365697029494e-17,2.5139696162458244e-19,8.180652171344003e-18,0.0,0.0,0.06225397323323386,0.0057543019346359536,8.608646329019266e-19,4.3663495167858655e-18,2.9729094142264225e-18,0.037565456640143435,0.0978938617860443,0.0,0.0,0.0,0.0,0.08645336663001126,1.6930021412487136e-17,0.20241381572082545,0.0,7.776382586514067e-18,0.0014367383837411909,1.1266986055147607e-17,6.1741053247153254e-18,1.3589050266405552e-17,0.0910400922876651,0.0,0.0,0.0,0.0,2.7435082178964468e-18,3.0907361151430177e-18,0.0,0.0,0.042643657189505725,5.6759103183801866e-18,0.024632674905642568,4.537912883262253e-18,4.3393964290840635e-18,9.732183631382318e-18,0.0,0.09331338511134174,4.51409212532412e-18
2023-04-04,min_variance,6.672237614866699e-18,9.317465008173774e-19,0.0,8.899978576224752e-18,0.0,3.328782592850819e-18,0.0,0.0,3.1684405397395725e-18,9.074424806144723e-19,0.05813936101008712,0.0,0.0,0.0,8.102268388688236e-18,0.18659873860731546,1.1563825298886031e-17,3.646011510226505e-18,0.0,2.7590649442267832e-18,0.0,6.08380591526488e-18,0.034595720879134824,0.008768203794125164,3.9727326414239686e-18,0.0,0.0,0.020923645723609073,0.10774042218664284,0.0,1.758151796408284e-18,0.0,0.0,0.12447172026169456,3.520023630617825e-19,0.18646508303912168,7.088900689921333e-19,8.07585606360452e-18,0.005219221465354791,0.0,0.0,0.0,0.0813472560478867,0.0,0.0,7.897003598485828e-18,0.0,1.4997645120592428e-18,0.0,0.0,7.18378671255775e-18,0.05299813062567494,0.0,0.0241221292481408,0.000551697182913865,1.790744907564686e-18,4.268216030146461e-18,1.039360640774326e-18,0.1049946043293262,0.0030640655989720516
2023-05-04,min_variance,1.2661862507695581e-18,0.0,0.0,0.0,3.421525459750306e-18,0.0,0.0,6.748642607471359e-18,0.0,0.0,0.10029759913838722,3.0274697735479287e-18,2.6980170864607025e-18,3.582510629151792e-18,0.0,0.1372428080753115,0.0,5.0718522064196495e-18,3.2931081637183224e-19,0.0,6.950724694359771e-18,0.0,0.037584537830601956,0.0,0.0,3.726041834921952e-18,0.0,0.0011359362940229567,0.09637371664209743,4.445906660750256e-18,0.0,7.306301684731852e-18,7.7577685598841e-18,0.14792845116013179,5.87527397792232e-18,0.1777454587062521,0.0,1.5994632303887358e-18,1.214306433183765e-17,0.0,0.0,0.0,0.13382923252409334,1.5048350484010737e-18,3.293084930558962e-19,4.808012746049903e-18,5.079849490091863e-18,3.726319732633695e-18,0.0,0.0,0.0,0.03708552888656939,0.0,0.012614209627701453,0.0,0.0,0.0,8.772084597613279e-18,0.118162521114831,0.0
2023-06-05,min_variance,3.838510542355874e-18,0.0,6.50434295059271e-19,1.5141904371486945e-19,0.0,0.0,0.0,0.0,6.995194794935417e-18,1.8318502742302605e-18,0.05034442282861847,0.0,2.0661941021234727e-18,0.0,0.0,0.06769876433154724,2.7645462583837656e-18,1.235785879192827e-17,0.0,1.2546316582837308e-17,0.0,0.0,0.03488425553224349,0.0,0.0,0.0,0.0,0.0,0.1220103411004709,2.012884641059224e-18,0.0,0.0,1.2854829733717714e-18,0.2801233060109728,9.879960005186784e-19,0.1638957489376493,0.0,0.0,0.0,0.0,0.0,0.0,0.0877850828318533,6.2557291190447515e-18,1.940135262299614e-18,0.0,0.0,2.961162713160489e-18,0.0,3.9562358471775336e-18,0.0,0.032348635773685006,0.00684396622748313,0.0,0.0,3.810535114800408e-18,1.1051320906612045e-17,2.530896120303682e-18,0.1540654764254765,0.0
2023-07-06,min_variance,0.0,0.0,0.0,1.8598349466820973e-17,1.767856886133841e-17,1.9620918591141183e-18,0.0,0.022484798599894402,0.0,0.0,0.08204980692708974,3.4277493950263313e-18,0.0,0.0,1.0757803741577393e-17,0.004966463823520647,6.487056798738704e-19,7.116031484278835e-18,0.0,3.3750606208968563e-18,4.8776206516051e-19,1.4435104518288926e-17,0.0073806462958069755,0.0,0.0,0.0,0.0,0.0,0.11859612228495602,0.0,0.0,0.0,4.862401255177154e-18,0.23243799769212434,0.0,0.1853405557617382,2.3715222206626e-18,0.0,0.0,0.0,0.0,0.0,0.1225253108298031,0.0017906681454437352,0.0,0.0,2.659088531197024e-18,0.0,5.522075788134196e-18,3.509755710367987e-18,0.0,0.04415195213286433,0.02644320734810803,0.0,0.0,0.0,0.0,0.0,0.13071210937009978,0.021120360788550778
2023-08-04,min_variance,0.0,0.0,0.0,0.0,0.0,0.0,1.3835647997777949e-18,0.023502439390701332,6.749000356589572e-18,0.0,0.08697310037883782,2.4894886561431586e-18,8.768519992075077e-18,4.189314976943219e-18,2.801957135702911e-18,0.013476284375568921,1.1218087699588138e-18,0.0,2.2136998526145074e-19,0.0,0.0,1.0570872037139007e-18,0.015221767029400918,0.0,3.587428492198176e-18,0.0,9.489270001419004e-18,0.0,0.09680405728326066,0.0,0.0,3.1823986182389846e-18,6.100368914198757e-18,0.2381611499011645,0.0,0.16080436484468966,9.746747014085112e-19,7.002694869823723e-18,6.154924226612785e-18,0.0,0.0,1.859580580164121e-18,0.11189413095583862,0.0074433149445456955,0.0,0.0,0.0,6.15915862829295e-18,2.4493366180716964e-18,3.3264405788436278e-18,0.0,0.030997118115186535,0.05058019214703368,0.0006530471130760646,0.0,8.17751926429538e-18,0.014667606236177591,7.259399978296053e-18,0.131795088015085,0.017026339269433147
2023-09-05,min_variance,0.0,0.0,0.0,6.200078621126584e-18,1.3848133471618154e-17,2.3654623446948548e-18,7.096078290490234e-18,0.021340219528938015,0.0,2.111696822620095e-18,0.07322906769684527,1.4838428763593801e-18,1.4244286477379144e-17,0.0,3.7921844951354634e-18,0.0340947543677577,9.10808239598079e-19,2.8125648561267143e-18,0.0,2.4877478551834564e-18,0.0,1.3041239460884011e-18,0.0,0.0,1.427834692334887e-18,2.5406841524046605e-18,0.0,0.0,0.07689738092660443,0.0005388742193831811,0.0,9.056903433178205e-18,0.0,0.24172072667768857,2.73669846619374e-18,0.14463944474892632,0.0,2.43054335486278e-18,0.0,8.277561097295653e-18,6.866040409708652e-18,0.0,0.09084665305132436,0.016284418987341908,0.0,0.0,0.0,0.0,6.2440341452407716e-18,3.4218345107781766e-19,0.0,0.036967263693181374,0.03613565189181426,0.009808626447793942,0.0,3.221824014412426e-18,0.01517898812842255,0.0,0.18336540551201752,0.01895252412196055
2023-10-04,min_variance,0.0,2.026665499032845e-18,4.897444099547492e-18,0.0,0.0,9.991244969923807e-19,0.0,0.023895676187462682,0.0,6.426903373191593e-19,0.08343641265818644,0.0,0.0,8.693036179129877e-18,4.776473116760854e-18,0.03327579212924756,0.0,3.57214503255167e-18,1.2608837993895301e-18,0.0,4.371351554126208e-18,3.058365266177044e-18,0.03676998104364163,0.0,9.655381323396064e-18,4.874131638819728e-18,0.0,0.0,0.08411030562742348,0.005858255998882046,0.0,4.862164075742024e-18,0.0,0.25616433158574226,0.0,0.10993208808530869,0.0,2.963743277701791e-18,2.8045405593960715e-18,1.4242711224302211e-18,0.0,0.0,0.06165317250384849,9.632005280817779e-18,1.3008404588499742e-17,0.0,0.0,1.929717452815798e-18,0.0,2.2319994471299266e-18,0.0,0.0337319517695258,0.06049494979142891,0.007888792460625814,2.0244065926476447e-19,0.0,0.023919491297382717,5.811994607635447e-18,0.16995733092066312,0.008911467940630462
2023-11-02,min_variance,1.0613481711093716e-18,0.0,0.0,3.9082732873261114e-18,1.0278719380470248e-17,0.0,0.0,0.0049887610482662,0.0,1.866571172486115e-18,0.07984809384805823,0.0,0.0,1.3981495766585285e-17,0.0,0.0301504937987206,3.2277359095166545e-19,0.0,1.98818501290237e-18,0.0,7.187875700873641e-05,5.167847199670109e-18,0.04061055939889271,0.0,0.02966107097275596,3.605556593562806e-18,6.3210933325719784e-18,7.003577898432308e-18,0.06844937706623687,0.00630996621778373,0.0,0.0001459907541259629,3.8134979658341933e-20,0.17860404264845467,9.689395821302146e-19,0.12004440983460252,2.3440188289863934e-18,0.0,0.0,5.15691501399768e-18,3.766473197311784e-18,0.0032665806354978864,0.09887405077847183,0.0,0.0,1.5267277340669319e-18,0.0,0.0,1.4041478967019522e-18,0.0,3.4201200435937493e-18,0.0426258859376463,0.06081460882330916,1.4916520626568575e-05,2.7266093896524007e-18,6.591772265168448e-18,0.03689882076868277,0.0,0.19463847689868963,0.003982015292169832
2023-12-04,min_variance,2.518265569943056e-18,3.5616798549292135e-18,0.014128081330705207,0.0,0.0,5.784550214524468e-19,0.0,0.012907075844977871,3.389851237658054e-18,4.2846022487943955e-19,0.09210049277380425,0.014208931358765421,0.0,0.0,0.005832957314778038,0.008321245664920606,0.0,3.7964620858820124e-18,1.981864070139871e-18,0.0,3.37883789745672e-18,0.0,0.031494789845171164,7.514302772185025e-19,0.0008192628756525995,0.0,0.0,0.013486566826339684,0.04146281335732221,0.001794332963521959,0.0,7.209665275201989e-19,0.007080157074252962,0.19081699614980416,2.06536760779047e-18,0.09601246031816377,0.0,0.0,0.009245248111216976,2.5784208503044387e-18,0.0,0.01620246883184388,0.07595220067650633,0.020653181845025365,0.0,0.0,0.0,2.635969910334121e-18,0.0,0.0,4.802134842626001e-18,0.034238129443857554,0.06527183561058143,2.0613577828876183e-18,1.816338319732228e-18,3.3765553798722243e-18,0.09627702386432645,2.7477811828994573e-19,0.15169374791846213,6.579887117032819e-18
2020-12-31,max_sharpe,0.0,3.9352553564362e-15,0.8938154499728856,3.343785326696746e-15,2.494802234420624e-15,0.0,1.7145513756106114e-15,2.1518076371867565e-16,0.1061845500271053,1.1551943293323497e-15,,,,,,,,,,,,,,,,,,,,,,,,,,,,,,,,,,,,,,,,,,,,,,,,,,
2021-02-02,max_sharpe,1.697163619860855e-15,2.122814169644672e-14,0.4064725484363266,1.8278843888233113e-14,2.3712655250270955e-14,0.0,1.3471013577222658e-14,2.747392662867128e-15,0.15517269224046315,0.0,0.0,0.0,2.608807928944881e-16,3.5401128757117524e-16,0.0,0.0,0.0,6.277614909828549e-15,0.0,0.0,0.0,3.5170418919003337e-15,1.590646690206016e-15,0.0,0.0,0.0,0.0,0.0,0.0,2.315601508268518e-16,0.0,0.0,3.195303218173018e-15,0.0,0.0,0.0,0.0,0.0,0.024785561237638764,0.0,5.432533345343976e-17,0.2491737005165797,5.3113176043054085e-16,2.557701880219699e-15,0.0,0.0,0.0,0.0,0.0,5.086330633694077e-15,5.614477750582671e-16,3.9746498997425315e-16,0.0,0.0,0.16439549756905447,1.5556313207075127e-15,3.0681614414564966e-16,6.390075195385712e-15,0.0,2.0987715036111316e-15
2021-03-04,max_sharpe,0.07766955521040167,0.0,0.4123949174038463,0.0,0.0,0.0,0.0,0.0,0.05900318701163238,0.0,4.970339363728471e-15,0.07878707462371475,0.0,0.0,5.7562989114294265e-15,1.4774409278466263e-15,0.0,0.0,6.188059395458129e-15,8.673570059710946e-16,2.1670270362784767e-15,2.9242470220439476e-16,8.267217646047482e-16,0.0,4.8181050880849524e-15,2.6839076581067475e-15,2.471674581060465e-15,0.0,4.107520993698856e-15,3.4026002313097525e-15,1.2932842324671408e-15,2.84326282645327e-15,0.0,4.909558929129536e-16,4.285547701748365e-15,1.4227504545190437e-15,3.03859066634437e-15,0.0,4.656100590486209e-15,5.2564741514213e-15,2.060476871390778e-15,4.534325364346925e-15,0.0,1.905115034221304e-15,3.355016254883504e-16,3.1361403414048008e-15,3.203552961930812e-15,2.651909292558284e-15,2.4412591823659618e-15,0.0,0.0,0.0,1.728985558872327e-15,5.190825639145478e-15,0.3721452657504204,0.0,1.473815413814286e-15,0.0,3.0179948983258043e-15,1.8985538506951586e-15
2021-04-05,max_sharpe,0.054396595919979245,7.097023516776325e-14,0.18515773775890598,4.756204783372473e-14,5.0121517742400636e-14,1.9148370070457534e-14,3.934615675586731e-14,0.04680774977348184,9.882218892756604e-15,2.97913202044852e-14,0.14311629664226458,0.006322085395386545,3.2456810191896767e-15,1.1066514086965476e-14,1.094124497183828e-15,1.3061906490353614e-14,8.523642861904062e-16,5.316078899825324e-15,0.017262150501837173,1.0458323276913998e-14,1.188062669652342e-14,4.429654301926072e-15,1.7199058634146672e-15,8.475676025014732e-15,0.056933987620927225,1.8445085973902374e-14,7.846521165250833e-14,1.304428637162178e-14,0.0864989848135217,0.0015953282828674983,3.3576001582809186e-15,0.019454415849620647,5.713249541483721e-15,3.394552586007058e-15,2.1075203733196683e-14,3.004774137428444e-15,0.1606598330036349,6.0530510944682744e-15,4.258720574465202e-15,1.9129818568818074e-14,1.7311112220400053e-14,1.1295233138932434e-13,1.1151847215738127e-14,4.165373977269316e-15,6.955610754624581e-15,0.0030064250842025708,9.973385266456656e-15,1.712887312807676e-14,0.08499782423143355,1.94241571078831e-15,1.1486559791629006e-15,2.094087804870606e-15,9.86583577414658e-15,0.0405822271588276,0.09320835796352026,3.74626805595587e-16,1.8540068113410092e-15,6.186000951501849e-15,1.6007550973549354e-14,2.5464335083463744e-16
2021-05-04,max_sharpe,0.041637626672648295,7.81622296761457e-14,0.13977551943180067,8.21904571859189e-14,6.9153314554758315e-15,5.543046400094987e-15,5.504967171365568e-14,0.025572848502414865,1.884114640746336e-14,1.155421185110282e-14,0.1199954138600707,1.6907296509325383e-15,1.3078884272927831e-15,1.1209937266903891e-15,6.942534937905956e-16,2.625452044002013e-16,6.0361173825053296e-15,2.1445250154176714e-14,0.0964050514234733,8.280773787827749e-17,1.95364749460712e-15,9.644453327355806e-15,1.1890304687340637e-14,9.969549563916684e-16,6.57512483004e-17,1.7468031604947504e-15,1.0295992532905804e-15,2.145083841793042e-15,0.0027127752992820255,0.012538521523834976,7.137330614767723e-15,2.0500732529575287e-15,1.6411732649537663e-14,3.8714901625159e-16,2.597799324451853e-15,4.831304556276155e-15,0.09899712825928865,3.26163642412333e-16,4.547848425696309e-15,1.6964087752434031e-15,1.6619479411720999e-15,0.03588157303164119,6.421787971251729e-16,9.8421805580987e-15,2.285019016311775e-15,0.13342113871733421,2.345017960637196e-15,1.5518174768099361e-15,0.10219792841503071,5.564045644553014e-16,1.0421157916787574e-15,9.796639052362432e-16,1.15189714473401e-15,1.77077308902864e-15,0.1908644748630581,7.873534467932861e-16,6.491856827063785e-17,3.8150189098273466e-16,1.7651976701506708e-15,2.6517666147943056e-15
2021-06-03,max_sharpe,0.026045789940009195,5.573824677456842e-14,0.027326374568353844,3.1768686935970094e-14,0.030769891149110717,0.01346834745770977,3.54293377768806e-14,0.000788166530620105,1.3332623358710674e-14,3.9640516942754595e-15,7.854391067266483e-15,4.284395610040886e-15,2.5419738827824357e-15,2.5766716903389698e-15,7.599243030566203e-15,2.5163349938776185e-15,1.4956687858173722e-15,1.951748422676057e-14,0.13944921587341,2.7625400247297017e-15,3.790903760596466e-15,1.0320287958327862e-14,1.2278111805970571e-14,1.7573822378359593e-16,1.568787734910543e-15,3.837199228539629e-15,5.675446751489427e-16,6.106429522182262e-15,7.47757666760811e-15,0.04793769584470864,8.471396096161192e-16,6.546320193179545e-15,1.1699482009615959e-14,2.3370720055732044e-15,4.874868212402211e-15,6.705997728387396e-16,0.14230815949149173,1.4242179250402586e-15,6.5970937622851646e-15,2.5299911132706005e-15,0.04695413374194387,0.04780241505155318,3.709049196961352e-16,1.3339427011882719e-15,1.7901772279453194e-15,0.22223030483096332,1.5974642017610728e-15,3.4233256777600136e-15,6.395426038824417e-15,4.390716166420865e-15,2.698088199890555e-15,3.187782611015514e-16,5.139077109645418e-15,0.06831631324326808,0.1866031922768788,3.4217794025607777e-15,3.5028451822337573e-15,3.556728531457967e-15,6.252021016352531e-15,5.558138746237372e-15
2021-07-02,max_sharpe,0.0025048667220048167,2.2880321917709203e-14,0.014645342700140921,1.3920217806024634e-14,0.02266658688039694,1.7114740790852423e-14,1.2931617127661822e-14,0.008710520109292304,1.46584443726339e-14,7.644438643478322e-15,1.6539543944136176e-15,0.003684085738712072,2.186181886981161e-15,1.2583651681346201e-15,0.036422604062424056,4.904801112265514e-15,5.1765741887100425e-15,1.569132615923855e-14,2.921671659624914e-16,9.907292748347967e-16,8.543958025821122e-16,6.235527972020317e-15,7.621207745246616e-15,4.696453341726356e-15,5.506877200721177e-15,2.7502896093592387e-15,5.6986630367028656e-15,3.85570875094008e-15,3.3175716262908396e-15,0.09470736154121841,3.6588942242237315e-15,0.11990892413697378,1.1878448314306236e-14,1.8295571539397357e-15,2.7831410786338323e-16,1.4814337185160925e-15,0.03848574821087252,1.1394119033667092e-15,5.886105108624173e-15,0.07762990711363799,0.08612329462331353,0.08079845936806508,6.767910114971892e-15,3.4738792244722924e-15,2.9773451512391153e-15,0.3257180030923728,4.513301853117336e-15,1.1890318544235395e-15,8.383866393810793e-16,2.145220412429113e-15,1.326731816679762e-15,1.8589961119286962e-15,1.122315053263014e-15,6.406755794778443e-16,0.0879942957007098,2.1062449646601295e-15,6.332055192913747e-15,1.061594796980523e-15,1.1951970581806222e-15,2.7061657582358273e-15
2021-08-03,max_sharpe,0.00048368658433633707,1.859834197377513e-14,0.01970627833407121,8.835611983959382e-15,0.015342061034812187,9.777998462143024e-15,1.3297373959661263e-14,0.011053754667038423,4.374161889856476e-15,3.3562849655833883e-15,0.007722717846590349,4.739821776494821e-15,5.771063076289194e-15,2.0882077011545907e-15,4.462930419629057e-15,4.058774783554855e-15,9.031578168213921e-16,1.931732579646069e-14,3.172001482422339e-15,1.849348844944373e-15,4.2382322825464797e-16,8.197109148972468e-15,9.711668686763864e-15,6.1110364672203364e-15,7.946088161439177e-15,8.61979110799059e-16,7.968902171537926e-15,0.024264237973192968,1.3786493136780178e-15,0.07962110121505929,2.002975329047359e-15,0.12473014483991099,5.951669476618945e-15,2.301385967382378e-15,7.883468743800634e-16,2.418066142884708e-15,0.03179950655542991,6.296186550651798e-16,1.1841069363261069e-14,0.1316675017857434,0.08975465823342577,0.07938685968245376,6.1380846341904485e-15,5.028676540136375e-15,3.8855149257634874e-15,0.369222656107279,1.5934781658063012e-15,0.01524483514066778,2.2168888436503188e-15,8.524537626410951e-15,8.616926946756455e-16,3.357410082046142e-15,2.272543174202751e-15,1.08249756265082e-15,9.499717071970082e-16,6.963667701866887e-15,6.8354311829164445e-15,2.7062735419871815e-15,1.423632497800699e-15,4.6334649887298535e-15
2021-09-01,max_sharpe,0.027489336847336322,0.0,0.014508706019649114,0.0,0.01214903506635013,7.57099515414128e-14,0.0,0.004515249034741549,0.0,4.222611035880289e-14,0.02111989822371067,8.602432924633168e-14,8.755708211972614e-14,6.399974294396306e-14,6.940762463147953e-14,0.0,6.069813003211354e-14,0.0,0.0,9.123301071839158e-14,3.837570677931379e-14,0.0,0.0,0.0,0.0,7.93875604930245e-15,0.0,0.04586341422394462,5.016402196717153e-14,0.07054672951137926,5.5754143438707916e-14,0.18281979960890496,0.0,1.2727622354093567e-14,1.0413780929920739e-14,0.0,0.0,5.774714388680524e-14,0.0,0.06628711560774395,0.08115784199853453,0.059157714833318636,0.0,0.007023840260903603,3.911106623159822e-14,0.407361318764174,0.0,4.5410486979474413e-14,6.717882109676115e-14,0.0,5.883159815654059e-14,0.0,2.3523839443601425e-14,4.441649959993226e-14,5.29762166199858e-15,0.0,0.0,1.37917128940978e-15,2.5418360016125575e-14,0.0
2021-10-01,max_sharpe,0.04002035088316328,1.1216231655656927e-13,0.008886437003536843,7.267575180354812e-14,0.0136379452358074,2.1538407591628484e-15,4.2898967573860414e-14,4.1025709328824886e-16,5.214241271186659e-14,2.4039458379806433e-14,0.003714969305390355,5.5895993353386675e-15,5.8954035268083426e-15,3.3899433528191284e-15,6.23425990454645e-15,1.1534830236314769e-14,5.048086221229066e-15,6.648532224919308e-14,2.389756316528677e-14,5.761663365962703e-15,4.408497159288091e-15,6.133898000392428e-15,2.056946913586096e-14,9.704165884267458e-16,2.095836562922019e-14,3.902342636949731e-15,4.845114647643714e-14,4.40116561697955e-15,1.0605335864253057e-14,0.11164937382480668,6.864391386348206e-15,1.2859276845870084e-14,1.4009107143650856e-14,6.932594963111976e-16,5.036989211567222e-16,2.453332547817857e-15,0.17905849035448698,4.095022556332754e-15,1.562747550410306e-14,8.450778933777481e-16,0.016152810817920242,0.08608969162895293,1.3932139021756437e-14,0.053768762139788887,4.790391059890443e-15,0.46172722500235386,8.375261938490744e-15,2.444139604346092e-15,4.952274470733454e-15,2.3627633471127002e-14,3.274005570910376e-15,1.9060798067926916e-15,1.9893677450372546e-15,3.3832344139116788e-15,4.2910969985490633e-16,7.536425443608639e-16,9.577454386960397e-15,0.025293943803726,2.203806716312421e-15,3.1599296479913776e-15
2021-11-01,max_sharpe,0.03334957851397746,1.584231811742413e-13,2.243382023599944e-14,7.865396909885392e-14,0.0036988389283644707,2.8014483232987566e-14,5.5770101323417856e-14,2.6303662188540913e-15,5.581839401354123e-14,1.665617323174013e-14,0.05623198554587556,0.06391335446927543,2.026554390349874e-14,9.13113464843614e-15,0.012352944366150132,5.52869320476273e-16,2.01442289434908e-14,4.803777093760881e-14,7.691142034688329e-15,2.396188835640565e-14,2.032588058385206e-15,1.2749197161295898e-14,1.902436001549148e-15,7.13093226307023e-15,1.8645949153473803e-14,3.692098750092387e-15,4.776138406555661e-14,1.945839796323574e-14,0.0016609534150802752,1.3518937920710585e-14,2.3343609931220554e-14,0.14553740161134723,1.000329518298543e-14,1.705475600416706e-14,1.3516904409421928e-14,0.01803161739593252,0.009767991032919112,8.21215857697119e-15,6.34326653178565e-15,7.153559125072973e-15,4.47028680987128e-14,0.07301071886110246,4.709897049534625e-15,0.06033641319145413,0.04190055183549854,0.3625678775761551,4.4413968717216926e-14,4.466227970284654e-15,0.01678166166835275,6.414764708188477e-15,1.0433328245677129e-14,7.738433699146612e-15,1.925559358965513e-15,1.717301302879794e-14,1.2531906515561058e-14,4.41574446919594e-15,1.2910964310859972e-14,0.10085811158856596,1.0997447927439431e-14,7.138681119523133e-15
2021-12-01,max_sharpe,0.023410625764252943,3.468248167596683e-14,3.580572501218792e-15,1.9836751397390093e-14,0.0028557862872032953,3.456374435305234e-14,1.3977596364717888e-14,1.1500273094143465e-15,8.906155098337347e-15,2.571187107230826e-14,1.1356848232682e-14,0.00249077903069974,1.2081050339677294e-14,1.2034347857918247e-14,1.1401731239663458e-14,9.96734994447855e-16,8.643057820660267e-15,1.3856587038039368e-14,2.768364480759905e-15,8.945477395443693e-15,1.0869239216081752e-15,0.04495772634345289,1.1457662635162418e-14,3.645626301538406e-15,2.3122925224644944e-15,2.6668136763813567e-15,5.622539244228122e-15,1.9134580646626777e-14,8.279164147673398e-15,7.094924612267846e-15,0.08528017843092263,0.10784121707300616,3.5494751148372654e-15,8.343826485044148e-15,1.0483312985823131e-14,1.095280251962975e-14,1.791575164902653e-14,1.1967155561587601e-14,3.8141143036495506e-15,9.863948214467042e-15,0.038857951619170175,0.14547305780747574,1.1251472150261663e-14,5.5356996921270856e-14,0.03540109238513429,0.3916600727703206,5.179013482071585e-15,8.264271670348642e-15,0.020112099275262304,2.0785061815286655e-15,1.0242267591291726e-14,4.894317621244692e-15,1.0225182904260998e-14,1.756266308536535e-15,9.578149257415913e-15,1.2347765149843126e-14,8.687297732361202e-15,0.07679557225232844,6.745035331342195e-16,0.024863840960753197
2021-12-31,max_sharpe,0.012567555804210371,3.0046737808294357e-13,5.723418211585043e-14,5.663214487104433e-14,0.007986928467027114,0.0,2.2986305980591853e-13,0.0,0.0,0.0,0.0,0.059692778202402916,9.427706815503381e-14,0.0,3.2566636211649335e-15,1.4435442048549864e-14,0.0,1.5232739994943677e-13,4.664791191138687e-14,0.0,3.507631765936559e-14,0.07955193998364116,0.0,0.0,3.6622886853344185e-14,9.640988752210063e-14,9.506219801830738e-14,0.0,1.793943101817495e-14,2.2686131957851103e-14,0.13712834870392837,0.0,3.2180702930968386e-14,0.0,0.0,0.0,0.0,0.0,0.0,1.943907012082173e-16,0.09319604721145176,0.08556780829237447,0.0,0.0,0.09589456706967207,0.37705302454902406,8.959600691417427e-14,8.898862515994627e-15,0.018543722570548878,6.471235731406742e-14,0.0,0.0,1.178370601099754e-13,6.392761461599088e-14,0.0,0.0,8.275377623302638e-14,0.03281727914518363,2.199741018965336e-16,0.0
2022-02-01,max_sharpe,2.34752182955427e-15,3.344984856567417e-14,2.2641626480409147e-14,7.234142053234533e-15,0.017192353507188767,5.7739453050897116e-15,3.5061402150859946e-14,5.994596164663833e-14,5.795405223549207e-14,1.1161863255308939e-13,0.11408904347327745,8.257662922310967e-14,2.6505164979387145e-14,1.1365264660057431e-13,4.863296379588255e-14,2.0578872137809845e-14,3.80404516104063e-14,2.0372395526260798e-14,1.2134610964058507e-14,6.263931852945865e-14,1.1108061612535126e-14,0.1693695544920084,3.01314758703822e-14,9.257274048567613e-14,1.1186597160794253e-14,1.8251701105870802e-14,1.2578324087264453e-14,1.1122362237567e-13,6.280912383760847e-14,1.2025471286796606e-14,7.321477798036469e-14,6.754428635566547e-15,1.0745001235821867e-14,1.0437377359671273e-13,1.5567908853399548e-14,9.160412847750602e-14,0.001012061283617105,6.919793294422621e-14,5.2095097310773047e-14,3.5748544918156516e-14,0.06733362336814655,0.056699989768131,5.2199962333711956e-14,2.183500688028726e-14,0.0678300917220989,0.4139104699688549,8.437121416953687e-16,1.3852588515322225e-14,8.696030575136423e-14,1.2409889433689017e-14,0.030532075746624827,1.866373822034754e-14,1.4653599442422177e-14,3.1721019666384566e-14,6.947833384981389e-14,1.5948503093885544e-14,9.174910008112077e-15,0.062030736676036376,4.380050880013091e-14,2.164507075582177e-14
2022-03-03,max_sharpe,2.633845011822563e-13,1.8704799752927008e-13,6.728795964246058e-14,1.6480435224343237e-13,0.018335005765335814,6.673245659143439e-14,2.3572147152597883e-13,8.7052982892758e-14,3.31008240260376e-13,3.2923057460425673e-15,0.19618818789888226,1.7903720737273596e-14,7.934083765001065e-15,0.0263428446106392,2.1393361725463788e-14,1.4548407603964554e-14,1.7160126946719743e-14,1.4409992450056285e-14,2.345102738753447e-14,1.9247861370663336e-14,2.7287054281446305e-15,0.14967101135729727,2.3736825199078613e-14,2.8339644328632394e-14,1.1326113670006194e-14,1.2481026950202025e-15,2.1284123355692682e-14,2.8424975613642795e-14,2.074257086788863e-14,2.2939913392552457e-14,1.9759086698345604e-14,5.1931263872405234e-15,1.276186215286203e-14,0.0053670742115323996,2.3651905743515224e-15,2.4220672121094887e-14,1.002032724771444e-14,2.630903619528202e-14,0.025694231238091128,1.0996802457898128e-14,0.09116728485739824,0.056414070984161416,1.4220507523542785e-14,9.585235244699538e-14,0.03163979530528202,0.3991804937717495,9.96371045834059e-15,2.4935830979112068e-15,1.512926145108645e-14,3.3586393166440313e-15,2.7327792247432902e-14,8.718927335032436e-15,9.581103875864459e-15,2.1902044327987833e-14,2.3363303678981154e-14,7.756716582743334e-15,4.9846411493435954e-15,2.3687938986723897e-14,2.6921496179397745e-14,1.9292626642847472e-14
2022-04-01,max_sharpe,4.928756746168809e-13,3.389603916798234e-13,1.9965234742926642e-13,3.8450000638762806e-13,0.01858131641971592,1.566386049174541e-13,4.847192823066992e-13,4.183041706958561e-13,6.175955040211613e-13,5.5917480695527e-14,0.3005988417954584,8.737856700137756e-15,2.0246761562648832e-14,2.00707879515954e-14,1.3864764260799016e-14,6.706055063750083e-15,9.770288480748194e-15,9.012647209147913e-14,3.3511757374051226e-15,1.063001930774387e-14,2.705518186558258e-15,0.08437938600804865,0.09188833977459553,1.730269563190083e-14,5.540592714100816e-14,4.669636124502892e-14,1.3613140504106257e-14,1.932736831302532e-14,1.0418884872693372e-14,3.185730599521318e-14,9.235309317775771e-15,2.5284286592608383e-15,6.208058820457932e-14,1.688725118262322e-14,1.850917503560692e-14,1.4281603992885085e-14,6.5231672903201035e-15,0.0020299926053568033,0.04940911137037134,8.565865207302815e-15,0.031439830101642585,0.059317395128167,1.0920784618222087e-14,0.00929585382210711,0.02228083712065186,0.3307790958603767,1.2761312756302802e-14,1.0393689379205445e-14,6.89384943271045e-15,1.0562706857006875e-14,1.9711761483921728e-14,2.781029356525929e-15,6.403249830736279e-15,1.0550751099434258e-14,1.4460604034459083e-14,5.838821237623377e-16,5.222198708735765e-15,1.0166957262714866e-14,1.7930469381429794e-14,1.438678057812149e-14
2022-05-03,max_sharpe,0.0,0.0,0.0,0.0,0.0,0.0,0.0,0.0,0.0,0.0,0.2258674320591564,5.3804639805178846e-14,2.7865885869005227e-14,7.552046092525879e-14,6.971257371315358e-14,4.0620410654450155e-14,4.146592774571409e-14,0.0,0.0,4.712944992111252e-14,0.0,0.1174202185399114,0.13783363516812655,5.986568859439863e-14,0.0,0.0,1.7431846339679372e-14,7.480800764611094e-14,4.664234498386081e-14,0.0,4.8711424812626713e-14,0.0,0.0,0.018660312918009063,0.0,0.06118057244256869,1.0462748479487394e-14,5.919893853119044e-14,7.179169071296235e-14,3.2721910317727994e-14,0.09027515258537323,0.021457016682947694,4.508352482984233e-14,0.04339634600092789,0.15538467523970606,0.12852463836332623,4.292055982415316e-14,0.0,5.085563664551508e-14,1.4988031604148423e-14,7.871295682322039e-14,2.6915237368390504e-14,3.129258002591035e-14,2.0678938820731276e-14,1.003223770271322e-14,0.0,1.9649901275879097e-14,0.0,7.2654788747106e-14,4.401573493193867e-14
2022-06-02,max_sharpe,0.0,0.0,0.0,0.0,0.0,0.0,0.0,0.0,0.0,0.0,0.2663663170978669,1.317941146160434e-13,7.815769351567563e-14,0.12996858621291071,0.036319839841593475,1.3326321200348973e-13,1.0875811610042907e-13,0.0,1.4448420826057752e-14,1.0987883124879183e-13,4.9583546367535036e-14,0.10630783929545555,0.17091406121416283,1.3493569961436026e-13,7.303285155112677e-15,0.0,5.521304149638001e-14,1.4923543044741869e-13,1.2665794382879086e-13,0.0,1.3091828819165636e-13,2.74128521289321e-14,2.092913000566335e-14,1.356959972991085e-13,2.705178388705467e-14,0.12006732771143655,3.7340562612286535e-14,1.374946081246993e-13,7.39471654048656e-14,7.687918001343198e-14,8.700741138134882e-14,8.39357710955855e-14,1.1035997649984335e-13,0.0533084522437813,9.552905814330073e-14,1.3721937248149036e-13,1.0124031810591659e-13,1.2015967631916463e-14,1.21453805261386e-13,0.0,0.11674757638241351,1.0685751400799086e-13,7.912339782312179e-14,4.865952277572389e-14,6.667733266678457e-14,1.9553209829157447e-14,6.307083213083195e-14,3.1645441695877937e-14,1.0265835074930353e-13,8.036971594419487e-14
2022-07-05,max_sharpe,7.009916448230794e-14,7.426140446201486e-14,2.8004225422042563e-14,7.5912689597734e-14,8.143595926483142e-14,4.937824924170407e-14,6.341657655209132e-14,2.4249770909762833e-14,4.948300556386933e-14,4.429069675091745e-14,0.411034496130184,2.3163714517241053e-14,1.403355109336518e-15,3.605667245057585e-14,0.0,3.2296124202274105e-14,2.6706021210981904e-14,2.0174506053065443e-14,2.264768749042002e-15,1.9544335776619826e-14,5.46911717341419e-15,1.8002060545174764e-14,0.12030404963668381,3.519942637745863e-14,3.628775376775969e-15,1.3584717994669298e-14,7.301676867270619e-15,3.641562669939471e-14,1.8867180207906834e-14,1.993038302180673e-14,2.940316341352042e-14,7.020029428644785e-15,1.7867850395521172e-15,0.11139313222623136,3.60236442807465e-15,0.04071012375299207,8.91327009823448e-15,3.70436557361821e-14,2.958369604202326e-14,9.539091233794836e-16,2.1272094440289217e-14,6.567863310362317e-16,3.395137437100266e-14,0.09823431636108695,2.209441633405228e-14,2.6946856089703825e-14,1.865902123016356e-14,6.421197245609177e-15,2.3953012592210164e-14,5.052938546528871e-16,0.21832388189281177,3.051545656958188e-14,1.895532106169256e-14,6.0832738191681904e-15,2.923533442202103e-14,3.9224125812956994e-15,1.1551215324697727e-14,5.944007960486936e-15,2.602911567991354e-14,2.3080005086125272e-14
2022-08-03,max_sharpe,1.3347045940048717e-13,1.580451120497433e-13,6.210409541866764e-14,1.551446894637218e-13,5.05680612419226e-14,6.988955431782215e-14,1.2631914667324608e-13,3.6679650743508024e-14,1.0120332038311637e-13,9.496881613963606e-14,0.272894971476851,0.0,1.9940569350173467e-15,0.0,0.0,0.0,0.0,1.3059388713412124e-14,4.3334664925863574e-15,0.0,3.796095644866712e-15,0.0,0.16025481696504487,0.0,2.654442349279087e-15,2.2623918018906923e-14,3.0515821876338367e-15,0.0,0.0,2.1691313026101874e-14,0.0,0.0,8.855109159386984e-15,0.0,0.0,0.03977246752929971,0.0,0.0,0.0,9.739185721672069e-15,0.016722181894072756,0.0,0.0,0.20236541666615188,0.0,0.0,0.0,0.0,0.0,8.486113639417542e-15,0.3079901454688578,0.0,0.0,0.0,0.0,0.0,0.0,0.0,0.0,3.843974744035286e-13
2022-09-01,max_sharpe,0.0,0.0,0.0,0.0,0.0,0.0,0.0,0.0,0.0,0.0,0.08135510612284189,2.7163862807923032e-14,0.0,3.6916368888995014e-14,1.4488263939163277e-14,0.061968815856643995,2.7980257267476195e-14,7.061496107759185e-17,1.3130881868420519e-15,2.7467250881046618e-14,6.27758344983701e-15,0.06304765828350085,0.13091364333089867,4.1518475984899504e-14,1.1848638861376784e-15,0.0,0.0,4.00190613581463e-14,3.484593179216798e-14,0.0,4.1229625262991044e-14,1.2813400724733129e-14,0.0,5.022781069954498e-14,8.007834839099257e-15,0.03268477378090891,8.624329555011028e-15,3.9135173304048137e-14,1.0453412277019068e-14,0.0,2.899586148672079e-14,0.0,3.664872470045637e-14,0.22889979684974326,2.3188045814152217e-14,3.7425734914965315e-14,6.568866112128444e-14,9.002740223578284e-15,3.0718554591046046e-14,0.0,0.33742145198721896,2.8939101350746155e-14,3.5161470305315284e-14,5.2773176638951e-15,3.6368787811047446e-14,1.0729839665550955e-14,2.020252338156174e-14,1.9582451104118123e-14,3.401160350524098e-14,0.06370875378831409
2022-10-03,max_sharpe,2.976607712997251e-13,1.7973380894281132e-13,1.1321694877840743e-13,1.6563432630467026e-13,5.239123855429167e-14,1.354015713667461e-13,1.7986343835000729e-13,9.221948224755e-14,1.1333568725419252e-13,7.739693314631732e-14,0.5350576939881381,0.0,9.747481534656905e-14,0.0,5.3932260777445754e-14,0.0,0.0,2.4783686149042695e-14,0.0,0.0,3.065697929533196e-14,0.0,0.1516593395648196,0.0,0.0,3.42121099957583e-14,0.0,0.0,0.0,4.323732595608739e-14,0.0,0.0,5.990312824059511e-14,0.0,0.0,0.04989026446784721,0.0,0.0,0.0,3.973050322391551e-14,0.0,6.36247346243107e-14,0.0,0.2142527863465533,0.0,0.0,0.0,0.0,0.0,5.568630294349502e-16,0.01311577533119739,0.0,0.0,0.0,0.0,1.3150797633614912e-15,0.0,0.0,0.0,0.036024140301319334
2022-11-01,max_sharpe,3.526120199989029e-13,2.359878784517586e-13,1.7901038128822e-13,1.9691839257001453e-13,9.160572340901733e-14,1.852196614435392e-13,2.410631934143156e-13,7.633580139457209e-14,1.5434747268436217e-13,8.154505190118082e-14,0.17677489633546814,0.0,5.685045132220566e-14,0.0,1.0273131246093425e-13,0.38950936884686066,0.0,9.740710637004206e-15,0.0,0.0,2.86651714524216e-15,0.0,0.0586052363478367,0.0,0.0,1.1619429678844499e-14,0.0,0.0,0.0,1.6694184901084166e-14,0.05069973545396442,0.0,4.734682273577602e-14,0.0,0.0,0.0,0.0,0.0,0.0,4.587442732418932e-14,0.0,8.434045415734764e-14,0.0,0.10290439234852497,0.0,0.0,0.0,0.0,0.0,0.0,0.0,0.0,0.008787615649747938,0.0,0.0,0.0,0.0,0.0,0.0,0.21271875501925538
2022-12-01,max_sharpe,0.0,0.0,0.0,0.0,0.0,0.0,0.0,0.0,0.0,0.0,0.06216565063839643,1.1490807207935474e-13,0.0,3.8862562501090146e-13,0.0,0.27134547232675255,1.4723201195297148e-13,1.844573042912305e-13,1.8722883349154246e-13,9.781470230964488e-14,2.6753998728847708e-14,1.2634793755308487e-13,2.725113508481732e-13,2.058998753004524e-13,1.0904661018619305e-13,0.0,6.818205285484337e-14,3.215531540232481e-13,4.1983313134514206e-13,4.564171283064594e-14,4.4659265259607796e-13,2.1559041202689424e-13,0.0,4.542393805457331e-13,8.18989727881067e-14,0.3880745819690564,1.7778188079620467e-13,3.101968472318223e-13,1.3131819521425408e-13,0.0,3.193213394586141e-13,0.0,2.4067038200249105e-13,0.08251747268848189,2.1005147730039132e-14,1.5890589548624138e-13,0.0,2.779400905837027e-13,1.4161098182077946e-13,1.552087656416275e-12,3.5594122413822886e-13,3.6994466483637977e-13,0.02460670412040826,1.6409048512345624e-13,2.3544416497669723e-13,7.05901106124229e-14,2.5717839296447473e-13,1.536311126551128e-13,4.305707046729504e-13,0.1712901182545187
2023-01-03,max_sharpe,0.0,0.0,0.0,0.0,1.361050850226856e-15,0.0,0.0,0.0,0.0,0.0,6.762450395841518e-15,1.1240369806995192e-15,0.0,6.5030404218284494e-15,0.0,0.0282878902000992,1.1910718881528114e-16,5.971239885719516e-15,5.990839853885579e-15,0.0,1.933651016027716e-15,0.0,0.0,3.5528953598995534e-15,1.436424863077715e-17,0.0,0.0,6.083139048757455e-15,5.79463147703356e-15,3.1796293843992146e-15,8.352268368846762e-15,6.147473026974494e-15,0.0,6.669544828683965e-15,2.068051491018126e-15,0.6416613576791633,1.0086261056709176e-15,5.003681895513837e-15,2.222145792761312e-15,0.0,8.415625393851652e-15,0.0,5.370662254835855e-15,0.08594737346550159,0.0,1.0749838247526513e-15,0.0,3.1909883022712494e-15,2.4562974993648445e-15,1.9656379243501422e-13,7.122547644257221e-15,6.862202839035406e-15,9.711716635359126e-15,2.026584632059134e-15,4.055583139530445e-15,1.1600223762209942e-15,4.491970354603687e-15,1.2877654772182669e-15,9.138758900506533e-15,0.24410337865505652
2023-02-02,max_sharpe,0.0,0.0,0.0,0.0,0.0,0.0,0.0,5.883930518594441e-15,0.0,1.4527908831029736e-15,1.4327276156932264e-14,1.1193224587545004e-15,0.0,1.9223221805286535e-14,0.0,2.497645797241718e-14,5.1899687701833e-15,1.0771937430512907e-14,9.928890043010264e-15,0.0,1.2553424610974388e-15,1.4161843591401772e-15,9.348880762329836e-15,4.10089405671671e-15,9.168144064573375e-16,0.0,4.49640148603174e-15,1.518615939260853e-14,1.2024982302728258e-14,6.92912543759573e-15,0.04904683626227133,9.776286666837206e-15,0.0,1.6869536177089614e-14,0.0,0.4712433081369564,3.6700143572706445e-15,1.360125782743528e-14,3.388638371826075e-15,0.0,0.12718291583279567,0.0,1.515943209019025e-14,0.06535287942034076,0.0,8.330799998862428e-16,0.0,1.3823872426457147e-14,6.807764120959416e-15,3.3704199985142145e-15,1.5740150178034915e-14,1.9016590295668676e-14,0.14948660112070694,0.0,5.0355743752798885e-15,3.3571473707236136e-15,6.820125412232783e-15,1.5327808449253166e-15,1.8206886968120077e-14,0.13768745922696585
2023-03-06,max_sharpe,0.0,0.0,0.0,0.0,0.0,0.0,0.0,6.353598396085664e-15,0.0,0.0,2.2903719182839336e-14,5.7449535980262895e-15,0.0,2.1297494803441236e-14,0.0,3.5242135723739444e-14,9.861748155326475e-15,2.2263814878797396e-14,0.024170953377787723,0.0,6.925812095517457e-15,0.0,0.0,0.0,9.618966999877729e-15,0.0,1.1817997467838992e-14,2.273237784991994e-14,2.613226928433108e-14,2.933478615520112e-14,0.17730458027344947,2.386681483464213e-14,0.0,2.6466598116056137e-14,8.767809283094282e-15,0.600489938065235,2.9904369851483164e-14,2.0018956465957384e-14,0.0,0.0,0.024032224729775536,6.078110955762582e-15,2.916320962795227e-14,0.0,2.96859262863519e-15,6.410473533618467e-15,0.0,3.655979926394485e-14,2.3863414076603275e-14,0.009223606444241222,2.85577977199857e-14,3.740995166555704e-14,2.5727679200478188e-14,2.001225582253478e-15,1.8330327748679947e-14,9.98120873017005e-15,2.4850231803340538e-14,1.22315899172782e-14,3.9188492029677226e-14,0.16477869710991208
2023-04-04,max_sharpe,1.4336624161383151e-12,1.1079775003536458e-12,7.776290734311953e-13,9.958163665430674e-13,1.2468473614050219e-12,1.058989973987049e-12,6.722999601737496e-13,5.130531334994178e-13,9.837804452607617e-13,5.264738970809944e-13,0.0,1.148165987426832e-13,3.8164428356265505e-13,0.0,5.974805887159512e-13,0.0,1.1184950781941917e-13,2.5546599947204035e-13,3.867550270204098e-13,1.5737193736029392e-13,1.2021889991704267e-13,7.362243344725095e-13,4.4623033944574236e-13,5.023100422381516e-14,2.5284166067898976e-13,4.1037022881797796e-13,2.9626986756099626e-13,0.0,0.0,0.08900124707689931,0.3115846181839083,1.8140264607418345e-13,5.612170940413239e-13,0.0,1.6069068576365733e-13,0.41290009959414586,2.2797281752732406e-13,0.0,1.8199795327689446e-13,4.150989921997996e-13,3.4503135903911986e-13,5.654334793797308e-13,0.0,6.541031303711139e-13,3.1138818748187676e-13,8.682440536907231e-14,4.856477111859383e-13,3.147390915292626e-14,0.0,8.575499868263262e-12,0.0,0.0,0.0,1.674243826390665e-13,2.2091175425713395e-14,4.2949065062961964e-13,7.830190437391852e-14,3.6198697993771126e-13,0.0,0.1865140351194172
2023-05-04,max_sharpe,8.1120414590383e-14,7.127267018215583e-14,3.474999559063916e-14,5.26252477000061e-14,5.1611247277639384e-14,5.235023628140205e-14,3.811353208875501e-14,1.718949598509478e-14,5.6422239027129465e-14,8.345698258034467e-15,5.6795990300524656e-14,1.886475553632552e-14,1.8109800406107367e-14,3.2357836424556885e-14,3.769274033829048e-14,5.6507254482834244e-14,3.055435556597475e-15,1.0017071921533157e-14,7.673219253135721e-16,9.698608735153529e-15,1.8846970504511735e-14,1.1239460481656976e-14,2.2992713439305912e-14,1.5176594267472942e-14,5.858429954892624e-15,9.400035354133003e-15,1.1463510508812095e-14,3.9084145094185234e-14,4.593975361479397e-14,0.3946253006857673,0.09196386930809458,1.458752768120393e-14,2.967047457682193e-14,5.069258779566194e-14,1.2472535685186613e-14,0.4986246126924603,1.0095761572923765e-14,3.5521124240328446e-14,9.425239500919292e-16,9.390614713785357e-15,1.7040097624865187e-14,3.3304252535372367e-13,3.3806735477635586e-14,8.738245290757295e-15,1.4887895012997443e-14,1.291778310363257e-14,2.3492869036967976e-14,0.014786217314434344,3.720533445017084e-15,9.078094241447989e-15,4.652168449342835e-14,3.190376113363981e-14,4.2822282347647196e-14,2.2599719227602767e-14,2.476761805194391e-14,2.2797885532414162e-14,1.745285521558735e-14,7.785529391758699e-15,5.994921153733126e-14,4.774172941033209e-14
2023-06-05,max_sharpe,0.0,0.0,0.0,0.0,0.0,0.0,0.0,0.0,0.0,0.08640871858219147,6.499515836184295e-14,2.262074952976931e-14,0.0,2.921896678229086e-14,0.0,5.358519088145852e-14,0.0,0.04199695053645713,1.5047068806398975e-14,0.0,6.578094586571577e-15,1.6881179740274813e-14,2.5648526397970217e-14,0.0,9.608026306590302e-15,0.0,0.0,3.5756766868750647e-14,4.01815788937806e-14,0.327229386367034,8.584412896951397e-14,1.7836802311367114e-14,0.0,6.131291640474832e-14,0.0,0.40217380200846614,1.1224456549285362e-14,4.067733711341317e-14,0.0,0.0,0.0,0.09900700332422833,4.179371976163076e-14,6.715441099871552e-16,1.135636649053555e-15,4.115123510674301e-14,0.0,6.574997991432736e-14,0.0,2.0826699866166812e-14,5.3577716662731947e-14,1.0259896086533633e-14,5.1879063237781017e-14,4.6321124417232153e-14,2.4747269789564488e-14,0.0,2.7101147244929877e-14,0.0,0.04318413918210485,5.428796111652326e-14
2023-07-06,max_sharpe,0.0,0.051537542988609374,0.0,0.0,0.0,0.0,0.0,0.0,0.0,0.029108537487645327,1.9205223509123813e-14,3.4601278521647283e-15,0.0,5.030161018140987e-15,0.0,1.6707899330075014e-14,0.0,9.440437957796054e-15,8.61044731344051e-15,0.0,3.5905777023054686e-15,1.1165017367196544e-14,8.972225249608189e-15,0.0,2.8572098003091173e-15,0.0,0.0,7.065045865570406e-15,1.4360303471046464e-14,0.4375779285403933,2.2717950456550333e-14,1.9033626102742607e-15,0.0,9.763767374421965e-15,0.0,0.300769110978726,4.293490991987491e-16,4.214414079826472e-15,0.0,0.0,3.2726625202784065e-15,0.11433127525083533,8.324773593517736e-15,2.50711414254997e-15,0.0,8.912594130121486e-15,0.0,1.1867214456733937e-14,0.0,1.5018231230628558e-14,1.123883798261565e-14,1.3573651724741385e-15,1.3090472334104285e-14,3.165322967628058e-15,1.5714982995840182e-16,0.0,6.365931975961019e-15,0.0,0.06667560475385807,1.6188148098481708e-14
2023-08-04,max_sharpe,0.0,0.02918212905249571,0.0,0.0,0.0,0.0,0.0,5.106935337274973e-16,0.0,0.058380366087121174,1.9433684460226414e-14,4.975006530329142e-15,9.368407260709247e-16,3.6700394102019745e-15,0.0,1.1370686206494814e-14,0.0,1.0288483588590135e-14,1.5732857596902206e-14,0.0,9.717627298280958e-15,1.1850993652281999e-14,4.884576196815545e-15,0.0,7.220314732141972e-15,0.0,1.3169345284302392e-15,4.664966322512796e-15,7.118851523835401e-15,0.42973602424052215,0.04090059885150087,4.721925137305448e-15,0.0,9.925155203905814e-15,0.0,0.294026041344573,1.529275497610743e-15,0.0,5.091712974024818e-15,0.0,2.7130085012674815e-15,0.10678113739623199,3.3778734943009296e-15,6.082882598118535e-17,1.7567429463806948e-15,5.435283929154065e-15,0.0,1.0873073024713883e-14,1.7037190044030541e-15,0.04099370302754918,7.089862080920466e-15,2.3850185049353597e-15,7.336436928008293e-15,1.0190575941530863e-14,1.9963241096655878e-15,0.0,6.5565943869433394e-15,1.9694752100703746e-15,1.8249258799560755e-14,9.384276602402063e-15
2023-09-05,max_sharpe,4.8588076889894345e-14,0.022946805122118854,3.125009566149017e-15,3.610501650138604e-14,8.028091956227249e-14,1.991103229579113e-14,1.2910321206584987e-14,0.0,1.9154980551281558e-14,0.029211716069146843,0.0,0.0,5.378230188391525e-17,0.0,3.2713177708389857e-14,0.0,1.0485710027541116e-14,0.0,0.0,2.1278263214825605e-14,0.0,0.0,0.0,8.754628127370803e-15,0.0,3.006471327805678e-14,0.0,0.0,0.0,0.3849695859347313,0.0,0.0,2.5121265358786837e-15,0.0,6.0560545553546256e-15,0.36888486925505354,2.0576329271430477e-15,4.943807545377692e-15,0.0,8.97664462289594e-15,0.0,0.17156185182545416,0.0,5.355782330837116e-15,2.819556705667044e-16,0.0,3.101307761699533e-14,0.0,0.0,0.02242517179348956,0.0,0.0,0.0,0.0,9.300409169443176e-15,1.5894883536867986e-14,0.0,5.6896393978856674e-15,0.0,0.0
2023-10-04,max_sharpe,1.4438370548025978e-14,0.038965458019327,0.0,9.857892156296433e-15,1.569653989836671e-14,2.3126756205108422e-15,6.805408211975664e-15,0.0,5.387713914682449e-15,9.189696703478239e-05,0.0008496295104712749,0.0,0.0,0.0,0.0,0.08996010571164019,5.090709801022225e-15,0.0,0.015927992644774652,4.96333486764601e-15,0.0,0.0,0.0,4.2520501993949935e-15,0.0,6.118518789892261e-15,0.0,0.0,0.0,0.4907283875678841,0.0,1.4956085112139419e-15,0.0,0.0,5.884933613861311e-15,0.16413220549253366,1.25294271489831e-15,7.81129526353709e-15,4.523932560740795e-17,3.002304965559916e-16,8.767806803399126e-16,0.17275308899512634,0.0,2.9527567579021618e-15,1.2504100346302928e-15,3.0538976937009433e-16,1.4778060843005753e-14,2.675381236215458e-16,4.09049500694475e-17,0.026591235091184898,0.0,0.0,0.0,0.0,3.18885744193859e-15,1.0387662704366809e-14,0.0,2.222570214536635e-15,0.0,0.0
2023-11-02,max_sharpe,0.0,0.08527087502907411,1.3934776184505726e-15,0.0,0.0,0.0,0.0,4.3573255219904114e-15,0.0,0.0053974801542701996,7.559027904677612e-15,6.097243855294557e-15,4.61096022494512e-15,5.785227410712174e-15,0.0,8.629320102103306e-15,0.0,8.886740191037466e-15,2.240516499197332e-15,0.0,6.728273236603644e-15,2.7530205601971243e-15,1.8187237759742975e-16,0.0,3.531382852351624e-15,0.0,2.041130025611353e-15,8.498705927570799e-15,4.462609180497107e-15,0.4588807596172071,9.251848660753749e-15,0.0,3.9240266691172495e-15,5.645372106725122e-15,0.0,0.06815278113197182,0.0,8.00679167578307e-17,2.455725548238021e-15,9.97878507993805e-16,0.0,0.2426431690664879,0.0,0.0,0.0,0.0,0.0,3.125106887332888e-15,3.653686454231451e-18,5.1956535159076074e-15,9.644360340379603e-15,6.286538778346948e-15,6.911196777826788e-15,5.946264505967668e-16,0.0,0.0,4.3835657599252305e-15,0.0,0.1396549350010131,5.596734623599005e-15
2023-12-04,max_sharpe,4.896158650614881e-15,0.04482730851748491,0.11258967072339797,7.04544774153614e-15,9.217326652101296e-15,2.309384387352461e-16,8.209002415043393e-15,3.749030813894131e-15,3.4116352838505678e-15,1.9760466491911916e-15,5.18817305889432e-15,3.9354366405811125e-15,0.07413390450734968,2.246739466663385e-15,9.476787781565462e-15,4.14364862403797e-15,1.5326800248790223e-15,4.125808178914246e-15,7.2713398216612805e-16,6.680993424638328e-16,2.3045205611457953e-15,3.1720164351306145e-15,3.588787163255889e-16,6.336248779114026e-16,5.265344845268959e-16,2.2238726436792827e-15,1.743041406589211e-15,4.323692560175191e-15,3.1973220166552993e-15,0.489932619433714,3.2466054677392936e-15,1.067544120869737e-15,0.024639801961276013,3.4850904628114154e-15,3.3917323410100054e-15,5.347791798430228e-15,4.67509657215503e-15,2.4769104472688474e-15,1.7383016535667969e-15,1.78235348566905e-16,1.9835381407562555e-15,0.1832089631154746,1.9511080358624686e-15,4.982550466874577e-16,3.7572724539929683e-16,6.664416308702222e-16,4.113563253946171e-15,2.295660236210526e-16,6.140963868926222e-16,2.075441365768738e-15,0.059621984460913185,3.4671954776529065e-15,4.8039670736157885e-15,0.011045747280390638,2.9420205580812074e-15,1.4970607917197288e-15,3.409807758983237e-15,2.474426486446736e-16,4.5764249015717196e-15,3.714522489487509e-15
2020-12-31,min_variance_sentiment,2.9490299091605714e-17,3.057450126409122e-17,0.8621377534469696,0.0,0.0,4.9060148304969063e-17,0.0,0.10559152986491498,0.006400257340446778,0.025870459347668406,,,,,,,,,,,,,,,,,,,,,,,,,,,,,,,,,,,,,,,,,,,,,,,,,,
2021-02-02,min_variance_sentiment,0.0,1.0349684556988315e-17,1.017686324628614e-18,0.0,8.496005344525833e-19,0.0,0.0,6.79584924092097e-18,0.0,0.0,0.14532039056047527,1.9098561470764094e-17,1.2859354553808436e-17,0.0,0.0,4.8544178061014606e-17,0.0,0.0,1.6417538667558948e-17,0.0,9.322909923724672e-18,0.0,0.0,0.0,2.5968068166744586e-17,8.82385390568295e-18,1.2511199800371283e-17,0.0,0.09514662807266515,0.0,0.11976114071772562,0.0,1.0768497690769621e-17,0.0,0.09759978734614105,0.07292845611222698,2.977920287476656e-17,0.0,0.1229414193628109,3.2794748477719143e-17,0.0,0.0,0.0,4.9170347585876044e-17,0.0,0.07818394432765273,0.0,0.0,0.0,1.7945399839048537e-17,0.0,0.0,1.258471715166481e-17,0.03301281442149154,0.009888497332485811,3.046227512485055e-17,1.3699428385733108e-17,0.0,0.22521692174632443,0.0
2021-03-04,min_variance_sentiment,0.0,3.7215325315158134e-19,2.523735137377179e-17,0.0,0.0,0.0,1.8555484077347998e-17,0.0,0.0,0.0,0.14816448233282248,9.080499774785971e-18,0.0,0.0,0.0,0.0,0.0,4.6711540359376955e-17,0.0,0.0,8.831783995633671e-18,0.0,2.9569057751061708e-18,2.742861271547906e-17,4.701487914003494e-19,1.475213447819741e-17,0.0,8.503118071099337e-19,0.09146480600423586,0.0,0.160027471324657,0.0,6.72626501827463e-18,0.0,0.0635979289317606,0.07024640542668063,8.523619592963252e-18,1.433242468623717e-17,0.1224046566932129,1.685076658358185e-17,0.0,0.0,0.0,0.0,2.5080644317438968e-17,0.11461586699235811,8.984902649276003e-18,0.0,0.0,0.0,0.0,0.0,0.0,0.0008673760224661772,1.9587078493415598e-05,0.0,6.7086352238738805e-18,3.088182248055714e-17,0.2285914191933127,0.0
2021-04-05,min_variance_sentiment,0.0,0.0,7.753445409895169e-05,2.109895518997293e-17,0.0,0.0,5.062466474203538e-18,0.012849817040067895,0.0,3.753251048747372e-18,0.11553254896477316,8.178800266509452e-18,1.8815095365917934e-17,0.004157672739365482,0.0,0.0,5.250956586900217e-19,5.823513836025e-18,0.0,5.947739135575319e-18,6.187588158011582e-18,0.0,0.0,0.06291427043978412,0.0,0.00031174282966107936,0.0,1.543612987654228e-17,0.09339531276803632,2.844455583031815e-18,0.050128388643193834,1.5520983130871303e-17,5.692348431338902e-18,8.431173337313357e-18,0.10849646448416468,0.052796551928782263,0.0,7.311031767177523e-19,0.0,0.0028419432171755197,6.288311443290759e-18,0.0,0.0,0.0,0.0,0.10597104277071769,1.9514394900619854e-17,0.0,2.5084758921304318e-18,1.2078239461954916e-17,1.1915569865838866e-17,0.09768354853445299,1.6957205244729067e-17,0.07545847438023788,1.0022737108369357e-17,0.0,9.698366594618714e-18,0.0,0.21738468680548792,1.9930684667316239e-19
2021-05-04,min_variance_sentiment,3.522095923314095e-18,0.0,0.004385499272102327,1.2600327847303163e-17,2.625997530261877e-18,0.0,0.0,0.009255624082666987,5.107503725354594e-18,0.0,0.08253657674002625,1.3122043420237175e-17,1.6681863610510673e-17,0.05591056379705036,0.0,1.0298196039366429e-17,3.3212068373713402e-18,0.0,1.7768122709763007e-17,1.9934923881965566e-18,8.185746469909391e-18,6.066179932585489e-18,0.0,0.08638828904134843,2.0909179472434377e-18,1.948492275127007e-17,0.0,0.021110419673193874,0.06638588360990809,0.0,0.04675642731797622,0.0,0.0,0.0,0.07062407654742008,0.10740172055008088,0.0,0.0,0.0,0.02593826492148387,0.0,0.0,0.0,0.0,0.0,0.06047382969859114,0.0,0.0,1.2687507879296859e-17,1.0802542379462404e-18,7.08155627777139e-18,0.11559353056794544,5.032536494960433e-19,0.058358326765975015,6.113077371731225e-18,0.0,3.4192144039858627e-18,4.397839213633384e-20,0.18888096741423085,0.0
2021-06-03,min_variance_sentiment,4.252155536232617e-18,5.145151421957528e-18,0.0,0.0,7.482648433571163e-19,8.622154952378552e-18,6.5224621793237676e-18,0.003680016692502753,2.198390267396582e-18,5.012886809716833e-18,0.0496746363276929,0.0,9.457859446691313e-18,0.0881280785696292,0.0,0.0,0.0,0.0,0.0,1.8213777627616656e-17,0.0,0.0,0.0,0.053319286032091254,4.517287571147744e-18,0.00784941027829405,0.0,0.01778622071541176,0.0628243573684152,0.0,0.05521124570064922,0.0,5.458716706197385e-19,0.0,0.0853240107906843,0.11615834785735865,0.0,0.0,0.0,0.02314889308005583,5.754471821374431e-18,0.0,1.9285879536452603e-17,1.7684172523343e-17,0.0,0.09684164218116231,0.0,5.1922543322981374e-18,3.0900668738196573e-18,0.0,0.0,0.11374909247642037,1.903782792597488e-18,0.05600891226172196,3.84328617649117e-18,0.0,0.0,0.0,0.1702958496679102,3.745702566262051e-18
2021-07-02,min_variance_sentiment,9.208310515160431e-18,0.0,0.0,1.6255315070832044e-18,0.0,3.987092191043468e-18,0.0,0.007126705787385172,2.5628260702497834e-18,0.0,0.042048685753290536,0.0,0.0,0.07581109277693454,0.005108351388256108,0.0,3.4310823097006894e-18,3.437582412020415e-18,2.855832802211627e-18,0.05722845052330242,0.0,0.0,8.748788296718003e-18,0.023628770153639275,4.117400840274769e-18,0.014891685028363131,6.579436126444027e-19,0.0,0.025354942993870012,2.0285457044356896e-18,0.024781688359290163,0.022159610238623957,0.0,0.0,0.09594224145701724,0.1296463323210882,7.177668995996047e-18,0.0,5.374794038174382e-19,0.03286310374208872,4.1076902485198326e-18,0.0,2.5881907846639427e-18,0.0,0.0,0.11384367758246114,9.485849903075516e-19,0.0210597962106085,0.0,0.0,0.0,0.1574705135781995,0.0,0.05373822033017763,3.4457872601459417e-18,8.36245760128921e-18,2.6804278417644963e-18,6.66403124196235e-19,0.0972961317754039,0.0
2021-08-03,min_variance_sentiment,0.0,3.330742946544859e-18,4.552422541836409e-18,6.444743286804627e-18,0.0,1.2189361777072932e-18,0.0,0.006933640434591003,8.264937474017634e-18,2.995876956313592e-20,0.03317925784407952,0.009420195329210021,0.0,0.07389922053478741,0.0008063113466200164,1.0146573204700742e-18,8.021576084919408e-18,0.0,0.0008409648744726555,0.06468450681763602,7.05934624978665e-18,0.0,0.0,3.914807267232064e-18,0.0,0.016445858138858255,0.0,0.01533961253000371,0.020771368780906803,1.4976127888810608e-18,0.020581898535933903,0.02312897633783325,5.0825492372995674e-18,0.0,0.08547729353006119,0.1429456661923243,0.0,5.835214982009089e-18,6.059984430445887e-18,0.03702033702633794,0.0,3.18990028705868e-18,3.2306788647371866e-19,0.0,0.0,0.10283191621013882,0.0,0.012858347124883969,0.0,4.478220668065697e-18,0.0,0.16588678839441984,1.2430339932172085e-18,0.05970531383238859,0.0,2.564262248692294e-18,0.0,2.9947445591343706e-18,0.10724252618451265,0.0
2021-09-01,min_variance_sentiment,0.0,0.0,0.0,5.906453559049036e-18,0.0,1.1751117159064663e-17,8.348549527814459e-18,0.007497738153101408,1.9498922881522044e-18,0.0,0.02421295987203151,0.007765020165808368,0.0,0.0829028233868255,0.009815074325040949,8.624533037776961e-19,4.985620233875294e-18,0.0,0.0008697184930186365,0.06891297086496409,0.0,0.0,0.0,0.0,0.0,0.01529794787501028,1.9523980927413283e-18,0.012885422185450312,0.017572192042754023,0.0,0.02035919310209889,0.02976342117484442,0.0,5.94983901129243e-18,0.08254497042137267,0.1253845310771254,0.0,0.0,0.0,0.03240779749606647,1.227617056184699e-18,7.552016085725226e-18,0.0,4.1938019655499194e-18,0.0,0.11659705105005995,0.0,4.4048319743245284e-05,8.188183698383127e-19,0.0,9.48547732507705e-18,0.16657850288465637,0.0,0.06183508309276711,0.0,0.0,0.0,4.8758632100176884e-18,0.1167535340172604,1.0969098926339083e-18
2021-10-01,min_variance_sentiment,8.340734396727986e-21,0.0,0.0,0.0,3.4333797548972844e-18,3.3892124362974775e-18,1.8349583259985376e-17,2.134845403920731e-18,0.0,0.0,3.849442241471878e-18,0.03188469133859361,3.945019183730874e-19,0.04540537452040138,0.01974022701812327,1.4655619064174953e-18,0.0,0.0,5.353895293115363e-18,0.09729874192236256,1.0935354022052757e-17,0.0,5.447433053445488e-18,4.928220459114056e-19,0.0017959712293887542,0.006385214385988133,0.0,0.04576694234542642,0.04128719134434005,0.0,0.0097501369316887,0.04653108579866306,0.0017247655656729434,0.013415187518246366,0.07379466698558512,0.13886904406500566,0.0,0.0,5.116812207463271e-18,2.8445353239873174e-18,0.0,9.563455669959032e-18,4.2472865129790955e-18,0.0035484823005047053,0.0,0.10002197781987825,3.234745390069634e-18,0.017035813005719245,3.4176595377136885e-18,6.636770394926637e-19,3.433803448229155e-18,0.1358574897432867,7.632483347414194e-19,0.0432732899955624,0.0,2.2515550960000997e-18,0.0,6.7227869216730275e-19,0.12661370616556256,1.1218398016589301e-18
2021-11-01,min_variance_sentiment,0.0,9.791638386470806e-18,0.0,3.551347022875326e-18,9.395664794156321e-18,0.0,4.158695707658004e-18,3.514358679183145e-18,0.0,2.384334241915645e-19,0.01729653895439511,0.0525605497647345,1.7259444593933554e-17,0.04972090665618766,0.03678204760683729,3.3486869372201364e-18,8.824892916422751e-18,9.377151095298804e-18,0.0,0.0575036148090688,8.77087910030827e-19,0.0019273549619557404,0.0,9.221679037171633e-18,0.0,6.114053214160404e-18,2.1899333084193914e-18,0.05751686918218363,0.05375956731539814,5.615942445060224e-19,0.04320484942212211,0.06391877347701386,0.0,0.0636436236160913,0.06749770763938932,0.06832564586541574,0.0,3.825899090782592e-18,0.001066000485672184,0.0,0.0,1.664810764659074e-17,0.0,0.00396771012723224,0.0,0.10152845256224281,1.8087281807810208e-18,0.012087675739765097,0.0,1.1218722173264984e-17,3.2653073063355002e-18,0.11184194601011796,0.0007999713908207415,0.026310528828451155,0.006113108337387728,7.498161377244543e-18,0.0,0.0,0.10262655724751674,8.404215555823039e-19
2021-12-01,min_variance_sentiment,1.0283627185623602e-18,1.0543449207709854e-17,8.216222164390328e-18,0.0,8.423729592736438e-18,1.419163609781613e-18,0.0,0.0,3.94462540419635e-18,4.0603314548438006e-18,0.02974831273068696,0.07907311546591217,0.0,0.050707097495506774,0.024429534171217283,4.264356318376353e-18,0.0,5.388810766842762e-18,0.0,0.0011311123659602238,1.6412147281082967e-18,0.011939495324936296,0.012866385590333674,9.389676755262172e-20,1.7264624426555956e-18,0.003954586058283381,0.0,0.06812322317464282,0.06749639781708265,0.0,0.03788805326904867,0.051952296623366756,0.006702062717995605,0.03995797746469539,0.060515431860778506,0.03144108280528901,3.8388812589512756e-19,0.0,0.01522927605552612,0.0026077539545422525,4.284099214201383e-18,0.0,0.008594873539474447,0.0,0.0,0.11971437032198894,0.0,0.011540539097518163,0.022974882428301334,2.4548779834021423e-18,0.013789381405413196,0.08665350757868955,6.042863879081896e-18,0.022093108355665404,0.0022310670742964204,0.0,1.5371526659679953e-18,0.0,0.11664507525284791,0.0
2021-12-31,min_variance_sentiment,3.1516262508813663e-19,3.497285028643846e-18,0.0,0.0,1.1804259627600957e-17,0.0,3.2028777631126746e-18,0.0,0.0,2.6228987870081367e-18,0.018661933854442807,0.07113028099259446,0.01370603610747325,0.0497720136278346,0.022153849999830978,0.0,0.0,5.312606496483197e-18,0.0,0.0,4.2459143577183105e-18,0.0,0.01842953998934753,0.0,2.130197656551022e-18,0.0231551977519144,4.877156528994406e-19,0.07378954261951892,0.06073182434537776,0.0,0.06156877767568268,0.04175736030529112,0.003910440852098895,0.02998840500703988,0.07851983095218569,0.0474420944841508,3.188943799424024e-18,1.0976512275573998e-17,0.017387940792172134,0.010316488179274006,1.572685766914843e-18,0.0,0.003809476259630974,0.005740303020267383,4.862392251752682e-18,0.1130645570590753,0.0,3.9563640934848705e-18,0.0028977085322474914,0.0,0.017993974074310956,0.07574435195793126,6.544037688781402e-18,0.019806605560574165,0.0021212073926116367,0.0,1.0563923380357783e-17,1.3466313605632612e-18,0.11640025860712093,0.0
2022-02-01,min_variance_sentiment,0.0,0.0,1.849851441355206e-18,5.882817885118427e-18,1.1602503557468733e-17,0.0,6.974285257603947e-18,0.0,9.093638763271008e-18,0.0,0.04856369225583527,0.03829251093210029,0.004780876038295837,0.04756111641220136,0.0077965558864157595,0.0,0.0,0.0,0.01753871681533734,1.3843708892270096e-18,3.117350885217804e-18,7.452579690885921e-18,0.07821818176535747,1.270699567370013e-17,0.0,0.01583916050463114,0.0,0.060381188719247296,0.06145700669421323,1.5253581430775179e-21,0.06817594163295433,4.347185650485218e-05,0.014077161617847698,0.037415104630488465,0.01468582307897143,0.06026626170868361,0.020915276349690055,5.362448115881663e-18,0.012274321911733407,0.017035744217343628,0.0,0.0,0.013405227511391775,0.0,0.0,0.10850830084306673,2.0040744544187053e-18,0.0215070888038265,0.011516813348761035,0.0,0.08219528585439562,0.00789015293411832,0.0,0.030630215928005168,0.004007016426050331,0.0,0.0,0.0,0.09502178532253203,1.983322342601957e-18
2022-03-03,min_variance_sentiment,1.6613289440074821e-18,0.0,1.6171790039109309e-18,0.0,8.86692872903003e-18,0.0,0.0,0.0,0.0,9.172027079675407e-18,0.03797695723734048,0.012616879221220477,0.011493000814169796,0.0373154745191049,3.0621071288315928e-18,4.527063594590855e-19,1.6685527615064473e-18,1.0608732657623351e-18,0.005223669472559332,0.0,4.474625224230382e-18,0.0,0.05508232243217904,9.612716375116463e-21,2.049812391490061e-18,0.07029014526568192,0.0,0.01420041207111003,0.06851276597668131,0.0,0.13804354769890895,0.0,0.0,0.08620436516425825,0.0,0.04684686958628656,0.015401065609183525,8.593627767214235e-18,0.02558176658877411,0.020477075782441678,0.0,4.518657738475323e-18,0.003998011995817741,0.0045852332869205075,0.0,0.07634663603590272,2.3627101360163513e-18,0.0,0.0,4.9229767849619295e-18,0.06997525261076483,0.0,9.041056281348974e-19,0.043046038841449225,0.008268098127427594,3.126063807057151e-18,2.9455952209521685e-18,2.558007563875351e-18,0.148514411661817,0.0
2022-04-01,min_variance_sentiment,5.5545765044009945e-18,4.545155314614781e-18,0.0008647230401921073,0.0,0.0,0.0,5.8601816112803535e-18,0.0,0.0,0.0,0.04492922579881174,0.0037174786669154814,0.00838338969298495,0.02478788508823558,0.0026794504110326926,7.674222811139244e-18,0.0,0.0,0.02635070337007922,1.190733837640628e-18,0.0,0.0,0.08691724595482589,3.2192816950123235e-20,0.0,0.04720700745702488,4.032614912397725e-18,0.02609716027562,0.07428633008711931,2.482613182702775e-18,0.145058249296948,3.1962533825241098e-18,0.0037646299438984687,0.0785820777327261,4.9541650963566054e-20,0.0498830078433207,0.0,0.018598999438051378,0.033463312174459366,0.011993295897219985,8.651412363164e-18,0.0,0.011352715408560237,6.66309322335959e-18,3.741172569394064e-18,0.04727281842626505,0.0,0.0,0.011059911074267292,0.0,0.07758549009549495,4.163533784833855e-18,0.01412964657788275,0.03335858932972869,3.4058814555356296e-18,0.0,7.989112517183447e-20,0.0,0.11767665691833509,6.37675876630165e-18
2022-05-03,min_variance_sentiment,0.0,4.718810003018855e-18,3.3773943267360713e-18,2.0960060655041224e-19,0.0,5.278131370694406e-18,0.0,0.0,3.2998672700450283e-18,6.642276597753033e-18,0.02264666092171818,8.281459799255354e-19,0.013174153472857199,0.0,0.0,0.012229964668184204,2.7025095141348375e-18,0.0,0.03374654301762464,1.1109941747332933e-18,5.553617666297046e-20,3.6311333438918776e-18,0.0703327648353523,1.9367931950337308e-18,3.14951789751154e-18,0.03760765756041519,0.0,0.07867684429102362,0.09242577561305809,0.0,0.14510558305623394,0.0,7.744130028003315e-18,0.10710117290114445,8.120716566038803e-18,0.057358164053969485,4.743808656825709e-18,0.0,0.04921766222925054,6.856917322515705e-18,3.4076307131414548e-18,1.1427257243663646e-18,7.100669873861624e-18,1.085667161289745e-17,1.1562664724939613e-18,4.632755176354851e-18,1.9021217845703788e-18,0.0,0.06722890487915062,0.0,0.06301442577249672,1.2921305048583189e-18,2.7600612987902733e-19,0.03583037368171037,0.0,0.0,6.72585324521805e-19,0.0,0.11430334904581047,0.0
2022-06-02,min_variance_sentiment,0.0,3.422448633655361e-18,0.008398322984896544,3.7400303667219095e-19,0.0,1.97700334056876e-18,0.0,1.8083971392616453e-18,0.0,2.8012385973776094e-18,0.06279639364292414,2.0029357791507314e-18,0.0015639065721812539,1.9806134653549927e-17,1.049024333528471e-17,0.027846031545415602,0.0,1.0048422573295203e-18,0.017083381068049065,0.0,0.0,0.0,0.03687427468996086,1.8996024230764916e-18,9.757647215040572e-19,0.0514992790795382,0.0,0.15771824418597707,0.09782182454937464,0.0,0.17864429109705163,3.26817978227826e-18,0.0,1.0169389732418854e-21,0.0,0.06912409189423725,2.886904475392391e-18,0.0,0.06503155953646081,0.0,8.805138164024393e-18,7.910439726604507e-19,8.101020201157982e-19,2.8822452985745677e-18,4.585504384097566e-18,0.0,8.764845422122359e-19,4.9043287894699116e-18,0.052431090686159344,3.54585000753474e-18,0.06491610041420554,3.48423674393772e-18,0.0,0.02407962064220698,0.004164971892264671,1.91021844071388e-18,5.6966865294485e-19,0.0,0.08000661551909642,0.0
2022-07-05,min_variance_sentiment,0.0,5.345272992756773e-19,0.0,0.0,9.768629509998181e-19,3.917351795899948e-18,2.1599166459026425e-19,0.0,5.3948757660823636e-18,1.9817302604483196e-20,0.04848096492738927,0.0,0.0,0.0,1.0742216411979241e-17,0.06689365104651122,1.8186843937557394e-17,0.0,0.009171312303552125,6.427748398993656e-19,2.1290170920930216e-18,1.068507353812642e-21,0.045523272905551734,2.6867743148893593e-18,7.912080168402039e-19,0.05295921160673105,0.0,0.16196409341938023,0.09773427154858678,0.0,0.17650355149421565,0.0,0.0005002560154047333,0.026011260959224878,0.014401302947438431,0.06023233062009503,1.9156493123663309e-19,5.240198090943266e-19,0.06338328737558055,0.0,1.329819008164829e-17,0.0,5.271991854098248e-18,7.579846738887335e-18,2.738222768677322e-18,0.0,5.346242706555879e-19,0.0,0.01683742752804174,0.0,0.010248115954306705,0.0,1.5087926924316693e-18,0.02760653298465783,0.008979010968314854,1.4266239828948638e-18,0.0,4.663586640231809e-18,0.11257014539501733,6.25310271697786e-19
2022-08-03,min_variance_sentiment,0.0,1.2204588567785107e-18,0.0,0.0,0.0,2.231717577835809e-18,0.0,1.3498155628891324e-18,0.0,3.936377536275989e-18,0.05728082907917266,0.0,1.07540872156177e-17,0.0081470040472061,0.0,0.06849029974335433,0.0,5.1814602756597974e-18,8.607738179580077e-18,0.0,0.0,5.2591919037241154e-18,0.046912237964229296,1.1839507377539895e-19,0.0,0.052723303545894766,0.0,0.16083013871234617,0.09521293452903098,2.713722274209599e-18,0.1763355673139772,2.2462460060991963e-18,0.0,0.02719377448294619,0.0301138543841211,0.061517214316635496,2.02114535004521e-18,1.2500314555137885e-18,0.06084390639730879,0.0,0.0,0.0,0.0,1.039379454733942e-17,7.499613048404237e-18,6.1451647198892125e-18,2.0984232547800624e-19,0.0,0.023626212172204484,0.0,0.0,0.0,3.377901316079469e-18,0.024845572501247318,6.431216010215747e-19,0.0,6.661005951636476e-18,0.0,0.105927150810325,1.107980398587508e-18
2022-09-01,min_variance_sentiment,1.0090511519383158e-18,0.0,1.0014184667114415e-17,0.0,8.858499429184923e-18,4.965158149567035e-18,0.0,2.1025076849683716e-19,9.864112272938855e-18,1.9614779076491482e-19,0.04850451220193019,0.0,0.0,1.8794156804085977e-17,6.263726810711451e-18,0.13005976849634263,5.581973011258283e-18,0.0,1.678989801180907e-17,0.0,1.822059346454166e-18,1.0279843999931688e-17,0.07724999595435775,0.0,9.477874005271682e-19,0.02981231374765289,2.5652612105483193e-19,0.10869979880870474,0.1052730369721966,0.0,0.13713781112278223,4.543124807931784e-18,0.0,0.03390134872309199,0.0,0.0636770286685293,0.0,3.240938646437441e-18,0.06122319088250185,1.3752046498174226e-17,8.34868485692471e-18,0.0,0.017575280553458736,7.24044421246355e-18,0.0,0.0,0.0,0.0,0.026793973128214518,0.0,0.0413880345324725,0.0,0.0,0.013109988417984783,0.0054816973097545725,8.091172188644062e-18,7.617527890850124e-18,0.0,0.10011222048002463,2.3003429410521106e-18
2022-10-03,min_variance_sentiment,0.0,0.0,2.293560402713294e-18,2.0939354803635697e-18,0.0,6.956031601764428e-18,0.0,0.0,2.5359612321611253e-17,0.0,0.07253743925035065,7.870564822448605e-18,0.0,7.403013534497743e-18,0.0,0.16283012278355832,0.0,0.0,0.0,0.0,2.0366788145141446e-18,0.0,0.08067474800184628,0.0,0.0,0.0,0.0,0.05063645144582179,0.0940345110441063,0.0,0.09842069123093183,0.0,4.444243779047733e-18,0.0662048892697567,0.01949521225201194,0.07683826501924652,2.2880571416434603e-18,0.0,0.054157912846008495,0.0,2.9382906618722093e-18,1.5915191715273654e-18,0.07945498102020235,2.3196658023317608e-18,0.0,0.0,0.0,5.405253779525625e-18,0.013185828764718065,0.0,0.0,0.0,9.105010978740057e-18,0.01231068600890807,0.0001448983413599399,6.024378976812386e-18,2.2818450852724636e-17,3.7038333548989713e-19,0.11907336272117258,0.0
2022-11-01,min_variance_sentiment,7.009689892048353e-18,1.814912141225682e-18,2.1923734221558074e-18,0.0,0.0,0.0,4.2321831579125516e-18,1.8547965042473143e-18,0.005651735740311135,1.7429183665594574e-18,0.08891434905633845,1.5835224326888007e-18,0.0,1.6115469024997574e-17,4.1899378737792995e-18,0.1683670551987229,0.0,6.998482112517123e-18,1.5193270198209098e-18,0.0,7.458411961651703e-18,0.0,0.07264802907992894,3.622663772180649e-19,7.325619238553401e-18,2.950155431810706e-18,0.0,0.02122664858386233,0.10961231949957119,4.227154325611985e-18,0.03952993341731561,0.0,0.0,0.07934345310507662,0.0,0.13114317391082572,0.0,0.0,0.0553977648607372,0.0,1.4248093727870577e-18,1.5979788220723822e-17,0.0809195266891496,6.4324740325395716e-18,1.3733200224298655e-17,0.0,2.823979102059328e-18,7.533000440462459e-19,2.5709218630640875e-18,0.0,0.003537928960967993,0.0,0.0,0.01837164452147432,0.015776039823820066,1.055323677361639e-18,1.4400157402821817e-19,0.0,0.1095603975518977,0.0
2022-12-01,min_variance_sentiment,9.555227871312359e-19,9.83222356053873e-20,0.0,0.0,5.9726270600517e-18,0.0,4.624654537611453e-18,6.5247608350663254e-18,6.941978764931658e-18,0.0,0.06532109939810284,0.0,8.827616888705929e-18,0.0,0.0,0.1720492561049049,7.58921468241158e-18,6.639930362494232e-18,3.508297204534746e-19,1.6364856236770061e-18,0.0,5.263847301100104e-18,0.05705367775928711,0.007073445765922629,0.0,4.0611395787411634e-18,4.5060967164196094e-18,0.01123355662228575,0.10613201593128617,0.0,0.02459043988737127,0.0,0.0,0.09048585872251082,0.0,0.24185479692597225,0.0,7.691573687515663e-19,0.014314242763342668,4.990323024797187e-18,1.4021062998131953e-18,1.1172086118765041e-17,0.043493929070062456,0.0,0.0,7.479964284767076e-18,0.0,0.0,1.1678552379275722e-17,0.0,1.630971855561736e-17,9.322270548347642e-18,8.39071684288757e-19,0.03574272048135443,6.341273542623079e-18,0.0,0.0,1.254350092359407e-18,0.11211555740509227,0.018539403162504162
2023-01-03,min_variance_sentiment,0.0,0.0,9.560085693156961e-19,0.0,6.247380923768448e-18,0.0,4.581282805689422e-18,0.0023098608335202792,3.728326751026746e-18,3.797620480518995e-18,0.07946878475755326,0.0,0.0,3.630749555471322e-18,0.0,0.1749552947848702,0.0,2.505804076001596e-18,0.0,5.858980660661704e-18,0.0,8.739769299362722e-18,0.05098529000757131,0.014796778640449563,3.1860835003591893e-18,0.0,0.0,0.02242109106592407,0.10474304516764232,0.0,0.007416042716556189,9.726527444201065e-18,0.0,0.09174462083092694,8.173669551190012e-18,0.22272564373165077,9.032068279890025e-19,2.80036746217909e-18,0.014282035646755425,0.0,8.667862581593559e-18,1.8304121483962294e-17,0.0614778868106084,4.3486164338977345e-18,3.3671435816635156e-18,0.0,8.519760661125527e-18,0.0,0.0,0.0,2.8166182318681234e-18,0.0031247862003473043,0.0,0.033484311986720104,9.500965001538396e-20,0.0,1.1116934693975406e-17,0.0,0.10756618566396625,0.008498341154937621
2023-02-02,min_variance_sentiment,3.3444882154614603e-18,0.0,6.805105358132252e-18,1.1547329055947555e-19,0.0,0.0,6.840395033687003e-19,0.005219706475063601,6.814589911149529e-18,0.0,0.06470024695132033,9.889583939345832e-18,1.4440828226031258e-17,0.0,0.0,0.1706062433261585,0.0,0.0,0.0,0.0,1.1392270750739683e-17,1.5197984926472963e-18,0.045005074815982524,0.022920746676931336,5.377949054968711e-18,4.341817145481979e-18,1.0673314875291331e-17,0.020484519748646055,0.09449115439798027,4.600802880232038e-18,0.0,1.6819643765408143e-18,1.8388450254774556e-18,0.08283101335608203,5.507559484129239e-18,0.21958514606336696,0.0,5.522838900572827e-18,0.011603018256687171,7.581975191063952e-18,8.827022218902636e-19,7.942142161340561e-18,0.08355178326131889,1.2266523765920972e-17,0.0,8.305400618466417e-18,0.0,0.0,0.0,4.421316038741291e-19,0.0,0.029748351419461277,0.0,0.03595941653218418,2.290809866951535e-18,7.511992174174312e-18,1.1007354227207274e-17,4.3175730013071195e-18,0.10780255624773284,0.005491022471083728
2023-03-06,min_variance_sentiment,0.0,5.1602584078473395e-18,0.0,0.0,0.0,3.9314014317384274e-19,4.2145262301966316e-18,0.0,8.60457955265251e-18,1.5506114738873847e-17,0.054582098694771805,0.0,5.632611261823944e-18,1.2225082106292825e-17,6.283813581302907e-18,0.20834518844075614,1.566416623356253e-18,1.7190906216227443e-17,2.5369232848851144e-19,8.043079650019299e-18,0.0,0.0,0.06296678752058141,0.00568206102559425,8.442619111770994e-19,4.260793091599304e-18,2.9155735848392447e-18,0.0370938507412739,0.09243256195792268,0.0,0.0,0.0,0.0,0.0843633579644831,1.7084600091181997e-17,0.2090353188214705,0.0,7.67875598410649e-18,0.0014090293030507423,1.0994606859200032e-17,6.055030909658365e-18,1.3875940695450805e-17,0.08950908781817792,0.0,0.0,0.0,0.0,2.677183953465074e-18,3.0311278681743695e-18,0.0,0.0,0.040264654119951414,5.359262803605952e-18,0.023258467976076537,4.579346060482554e-18,4.2628612113770095e-18,9.560534231479463e-18,0.0,0.09105753561588936,4.565778936530193e-18
2023-04-04,min_variance_sentiment,6.601491822840246e-18,9.218671847658436e-19,0.0,8.805612027888619e-18,0.0,3.2934874827830393e-18,0.0,0.0,3.134845537821003e-18,8.978208602953041e-19,0.057057379805499145,0.0,0.0,0.0,8.257158772832028e-18,0.18312611138084992,1.1636423953759141e-17,3.69134552046233e-18,0.0,2.77638658291305e-18,0.0,5.9630756879082e-18,0.03390918529508105,0.009202005535067283,3.878853419994413e-18,0.0,0.0,0.021958830825926073,0.11015077221502811,0.0,1.7254323587420132e-18,0.0,0.0,0.12597601559951696,3.5637911247283574e-19,0.18299494316047282,7.168825102656121e-19,8.475404306579542e-18,0.005095886599442367,0.0,0.0,0.0,0.08185796087211679,0.0,0.0,7.94658164242544e-18,0.0,1.517889824046407e-18,0.0,0.0,7.539200347509119e-18,0.0541837956069822,0.0,0.02466178533763752,0.0005585569105003364,1.8109348130740702e-18,4.316338394185173e-18,1.0510790005690466e-18,0.10626351017763493,0.003003260678244469
2023-05-04,min_variance_sentiment,1.2557330112795154e-18,0.0,0.0,0.0,3.393278410763389e-18,0.0,0.0,6.692927915129905e-18,0.0,0.0,0.09925757885684311,2.9960768988101476e-18,2.747950145527064e-18,3.655799097432382e-18,0.0,0.1358196902228348,0.0,5.158014537451891e-18,3.3490525927314804e-19,0.0,6.994943787063694e-18,0.0,0.03770594599450967,0.0,0.0,3.784949091551264e-18,0.0,0.0011591744751956342,0.09698682656916396,4.521435218336603e-18,0.0,7.359981079866964e-18,7.901344046365548e-18,0.15026714181937098,5.9750851082131636e-18,0.17590235494709033,0.0,1.6321839177392345e-18,1.1259429859157723e-17,0.0,0.0,0.0,0.13285474488036358,1.5096960702668684e-18,3.2691060844275334e-19,4.773002838845381e-18,5.173863877884243e-18,3.785231382716582e-18,0.0,0.0,0.0,0.03732145945667813,0.0,0.012694458656319529,0.0,0.0,0.0,8.83653309913874e-18,0.12003062412163035,0.0
2023-06-05,min_variance_sentiment,3.8238827746746505e-18,0.0,6.479556248419977e-19,1.5084201713918767e-19,0.0,0.0,0.0,0.0,6.968537558172323e-18,1.8248694727077566e-18,0.051353079922048066,0.0,2.0946398552249442e-18,0.0,0.0,0.06905511792590441,2.7776956417342992e-18,1.2782997728009141e-17,0.0,1.2605992316561994e-17,0.0,0.0,0.03478655986493574,0.0,0.0,0.0,0.0,0.0,0.12117713753658425,2.0821325301281932e-18,0.0,0.0,1.3031805029693532e-18,0.27698284806556456,1.021985348963655e-18,0.1671794216954377,0.0,0.0,0.0,0.0,0.0,0.0,0.08820262683319303,6.2382095354544794e-18,1.9493633887013697e-18,0.0,0.0,2.9279651648999837e-18,0.0,3.945156146744782e-18,0.0,0.03212772828034958,0.006797229065694826,0.0,0.0,3.792507794496536e-18,1.0999038039308037e-17,2.518922664176922e-18,0.1523382508102878,0.0
2023-07-06,min_variance_sentiment,0.0,0.0,0.0,1.7922246134367153e-17,1.7035902191293937e-17,1.8907641938880108e-18,0.0,0.02166741169735976,0.0,0.0,0.08291151253355314,3.4637483934623716e-18,0.0,0.0,1.0668568687973428e-17,0.005018622748462765,6.605706416053877e-19,7.204567288624251e-18,0.0,3.436791181227819e-18,4.958138435519207e-19,1.4068504666550558e-17,0.0071932043666994945,0.0,0.0,0.0,0.0,0.0,0.12055385898267332,0.0,0.0,0.0,4.8220680564060355e-18,0.22818942243958734,0.0,0.18728704414466457,2.3497291765560316e-18,0.0,0.0,0.0,0.0,0.0,0.1247663242342495,0.0017451916006912826,0.0,0.0,2.6370316213184783e-18,0.0,5.4879256818805266e-18,3.420620510728205e-18,0.0,0.044880794655714096,0.02687972109268352,0.0,0.0,0.0,0.0,0.0,0.12832291208484226,0.020583979418818833
2023-08-04,min_variance_sentiment,0.0,0.0,0.0,0.0,0.0,0.0,1.3703197805134446e-18,0.023277447932015007,6.684391427717942e-18,0.0,0.08776156281878593,2.5120573387760177e-18,8.787434472567925e-18,4.212546510711843e-18,2.8080012074086203e-18,0.013598454839929889,1.1193396313639216e-18,0.0,2.244857637727865e-19,0.0,0.0,1.0593313805279098e-18,0.015254082562609165,0.0,3.5530856413998076e-18,0.0,9.39842816734401e-18,0.0,0.0970016903233304,0.0,0.0,3.2177980600114302e-18,6.1135279545990836e-18,0.2365452753001067,0.0,0.16226215123275087,9.855165048651376e-19,7.041527791968522e-18,6.0960024544159246e-18,0.0,0.0,1.8635918615023832e-18,0.11164784823396694,0.007459116966137887,0.0,0.0,0.0,6.117369999058187e-18,2.4258888469976937e-18,3.3335025513980134e-18,0.0,0.031060401151646256,0.050683455557905814,0.0006543803597383232,0.0,8.268481978827875e-18,0.014830761495837064,7.340149984081559e-18,0.13090088534871336,0.017062485876526364
2023-09-05,min_variance_sentiment,0.0,0.0,0.0,6.016769343743635e-18,1.3438704576453e-17,2.2955259423393957e-18,6.8862782116250666e-18,0.020709282332800925,0.0,2.049263159716636e-18,0.07253664875640312,1.4698123698331354e-18,1.4356959383245356e-17,0.0,3.822180834181736e-18,0.033772370723715,9.505524202855657e-19,2.8188568840138388e-18,0.0,2.5963036367000465e-18,0.0,1.3343010232870734e-18,0.0,0.0,1.4575023430525219e-18,2.556300900610489e-18,0.0,0.0,0.07498168224516938,0.0005400797423806776,0.0,8.818808272159954e-18,0.0,0.24320650432584,2.7428207723266746e-18,0.1432718035344594,0.0,2.4991364544423698e-18,0.0,8.328440537501741e-18,7.008703485330733e-18,0.0,0.09481085279914236,0.016661236060895767,0.0,0.0,0.0,0.0,6.373773130491973e-18,3.501014840609981e-19,0.0,0.03604632025583748,0.03523542590429958,0.009564269975228738,0.0,3.137126113728858e-18,0.014779950681551742,0.0,0.1844924922318802,0.019391080430395467
2023-10-04,min_variance_sentiment,0.0,1.932106941606823e-18,4.66894302260668e-18,0.0,0.0,9.525081356985782e-19,0.0,0.022780770609761723,0.0,6.127041994007191e-19,0.0833808798628083,0.0,0.0,8.589512389388102e-18,4.775459944420963e-18,0.03325364475142429,0.0,3.474588589114552e-18,1.2264486524582041e-18,0.0,4.1986658524401475e-18,3.0531484211362728e-18,0.03670726018574471,0.0,9.567771162470118e-18,4.989220424169559e-18,0.0,0.0,0.08078761538701247,0.005698265120911773,0.0,4.8105006368135386e-18,0.0,0.26221292525468415,0.0,0.10985892055618514,0.0,2.9284485970393538e-18,2.7790929627137267e-18,1.4579012427543878e-18,0.0,0.0,0.060706008415921345,9.615575366596078e-18,1.280855933857875e-17,0.0,0.0,1.9752822537218974e-18,0.0,2.2281921859843934e-18,0.0,0.03239940605947817,0.058105159648987686,0.007577153910248187,1.9691193897346423e-19,0.0,0.02366533221130659,5.750238643873892e-18,0.1739703909334811,0.008896267092044385
2023-11-02,min_variance_sentiment,1.0386154992678247e-18,0.0,0.0,3.824563250859e-18,1.0058562827712126e-17,0.0,0.0,0.004881908395297865,0.0,1.8265916906458946e-18,0.07920335858744665,0.0,0.0,1.3780139929864579e-17,0.0,0.029907042946733117,3.201587146944681e-19,0.0,1.9942135033865565e-18,0.0,7.122201322138607e-05,5.240066638463509e-18,0.041178082333599694,0.0,0.030314235671134688,3.635470641307665e-18,6.460289756861089e-18,6.902715207392642e-18,0.06782396693107291,0.006329099030400557,0.0,0.00014580753469453842,3.80302235185425e-20,0.18008585820745868,9.718775597392985e-19,0.11907510850091063,2.3410770687381752e-18,0.0,0.0,5.199700142435359e-18,3.849414481938134e-18,0.0032576073941120477,0.09807304532114411,0.0,0.0,1.5143592993035867e-18,0.0,0.0,1.435068554903096e-18,0.0,3.370864860560405e-18,0.04223642058049703,0.06025895624684635,1.4780230954097038e-05,2.7348768992920682e-18,6.58349954424352e-18,0.03685251248702516,0.0,0.1962533245761132,0.004037663011337226
2023-12-04,min_variance_sentiment,2.4730711627028027e-18,3.497759666469218e-18,0.013874529732015896,0.0,0.0,5.680736970513502e-19,0.0,0.01267543719297027,3.3290147956452845e-18,4.207708031915237e-19,0.09044759832647976,0.013953928773676126,0.0,0.0,0.005808525722663715,0.008171907259227708,0.0,3.758887588373099e-18,1.9622490852191997e-18,0.0,3.3898887996291212e-18,0.0,0.03092956416953242,7.781822888139072e-19,0.000829426793075989,0.0,0.0,0.013966708235408205,0.04159842255436276,0.0017765740190249925,0.0,7.042262001453049e-19,0.007050501532405392,0.19440115132418145,2.0449261682927585e-18,0.09428935919509362,0.0,0.0,0.009359946263853643,2.6268518633630753e-18,0.0,0.016134604095590494,0.0760292804342567,0.02028252661221281,0.0,0.0,0.0,2.6854818793109822e-18,0.0,0.0,4.973097832656375e-18,0.03435010942944221,0.0654853151239042,2.0680997053746824e-18,1.7983615829372213e-18,3.298154177734672e-18,0.09404154019532332,2.6839796681266073e-19,0.15454304301529828,6.4618002474383614e-18
2020-12-31,max_sharpe_sentiment,0.0,3.935255356436185e-15,0.8938154499728823,3.3437853266967332e-15,2.4948022344206146e-15,0.0,1.714551375610605e-15,2.1518076371867484e-16,0.1061845500271049,1.1551943293323454e-15,,,,,,,,,,,,,,,,,,,,,,,,,,,,,,,,,,,,,,,,,,,,,,,,,,
2021-02-02,max_sharpe_sentiment,1.675589620199888e-15,2.095829386539337e-14,0.40130555185477323,1.8046486932643914e-14,2.341122478691238e-14,0.0,1.3299772785264301e-14,2.7124683646535603e-15,0.153200168453946,0.0,0.0,0.0,2.7220834208447643e-16,3.8502849277738927e-16,0.0,0.0,0.0,6.145377376491555e-15,0.0,0.0,0.0,3.5413858543391674e-15,1.6016566936321932e-15,0.0,0.0,0.0,0.0,0.0,0.0,2.2668235191686395e-16,0.0,0.0,3.334044571950725e-15,0.0,0.0,0.0,0.0,0.0,0.024568839119207,0.0,5.385031893843002e-17,0.2599929230363247,5.462257970842023e-16,2.5754055642859016e-15,0.0,0.0,0.0,0.0,0.0,5.121536765922213e-15,6.106398247554207e-16,4.248613465221777e-16,0.0,0.0,0.16093251753563392,1.5636781065674938e-15,3.084032064382771e-16,6.423129021213196e-15,0.0,2.113298602298602e-15
2021-03-04,max_sharpe_sentiment,0.07702943781044255,0.0,0.40899614472425777,0.0,0.0,0.0,0.0,0.0,0.058516909388992795,0.0,5.255306417030703e-15,0.08330421497386198,0.0,0.0,6.097517154359531e-15,1.5621478174222189e-15,0.0,0.0,6.188192874868132e-15,8.607018274973357e-16,2.179592066020545e-15,2.906656209712172e-16,8.217486185941243e-16,0.0,4.7783964417130244e-15,2.6776510927668443e-15,2.451304155324313e-15,0.0,4.131337550939706e-15,3.402673627029206e-15,1.3674327703915086e-15,2.826078949899017e-15,0.0,4.898114058387645e-16,4.2856401430683675e-15,1.5043217467264568e-15,3.0202262835572527e-15,0.0,4.6177271120253585e-15,5.244220572619308e-15,2.0434953514887054e-15,4.803108232905718e-15,0.0,1.8936548118855016e-15,3.3292734156547904e-16,3.112076923980235e-15,3.3934511464453677e-15,2.6457273198982813e-15,2.4211394266108372e-15,0.0,0.0,0.0,1.7390107014326831e-15,5.220923500154986e-15,0.3721532931023466,0.0,1.4649080901932992e-15,0.0,3.0109595287519534e-15,1.8871330971686644e-15
2021-04-05,max_sharpe_sentiment,0.053827836136358935,7.022818477077005e-14,0.18322176597459985,4.7064748699892125e-14,4.959745730987238e-14,1.894815859336481e-14,3.893476131421729e-14,0.04631833742731072,9.778892414618138e-15,2.947982819755535e-14,0.14219686112600147,0.006281469826190423,3.2140556865909005e-15,1.1105186871650197e-14,1.0834635446985632e-15,1.2977991653126111e-14,7.938234141466722e-16,5.374954661067155e-15,0.0174533294272478,9.740039586870864e-15,1.1956822590224076e-14,4.126562751152699e-15,1.6022242341507524e-15,8.505294926811361e-15,0.05633869738387718,1.8416011217762766e-14,7.764479530022679e-14,1.3089870633680395e-14,0.08705374237138641,0.0016129965998459264,3.3360296110590978e-15,0.019842017955972416,5.657580664628306e-15,3.389201795624141e-15,2.1308612357579478e-14,2.985470283673716e-15,0.16386075613387355,6.074203947103026e-15,4.214192255156483e-15,1.9099664477334287e-14,1.7130110739072335e-14,1.1185174416991656e-13,1.0385931900555667e-14,3.8803653575734935e-15,6.477895386008659e-15,0.002799942070994695,9.876206392647863e-15,1.7101873101627993e-14,0.08410910420584256,1.809509224209119e-15,1.1526700458337509e-15,2.10751814788664e-15,9.929109892012346e-15,0.04084249954560622,0.09424064381416548,3.820907222748182e-16,1.8909453116188425e-15,6.309248393996654e-15,1.5982318473055355e-14,2.372198132766299e-16
2021-05-04,max_sharpe_sentiment,0.041136875909475075,7.72222194188521e-14,0.1380945230921513,8.12020018523578e-14,6.832164911639171e-15,5.476383505569937e-15,5.4387622328858335e-14,0.02526529919119273,1.8614555239893443e-14,1.1415256274989125e-14,0.1235576028448233,1.7409207236161137e-15,1.304931872734898e-15,1.1817709009840948e-15,6.926840951411688e-16,2.7033913255986096e-16,5.963524619001875e-15,2.127652960906634e-14,0.09564658450373005,8.181185888005315e-17,1.990614807337811e-15,9.756040754030198e-15,1.2027876870791555e-14,1.0510070921930718e-15,6.555207106941432e-17,1.7533317378509334e-15,1.0264803356487673e-15,2.2613843450190298e-15,0.0027641069817546716,0.012439874682638416,7.349209716464987e-15,2.116957029384643e-15,1.6374633014771246e-14,3.885959636570737e-16,2.5773611334791305e-15,4.974726869835746e-15,0.1022269161626567,3.438473315099432e-16,4.534071837725928e-15,1.7027490064539691e-15,1.6569134787471028e-15,0.03580046073943262,6.344556978889397e-16,9.956055711418984e-15,2.257538463078536e-15,0.1318165627033984,2.339716917065616e-15,1.5576173062750721e-15,0.1018883449330384,5.628422288236223e-16,1.098616422857201e-15,9.982013036439951e-16,1.1736935753083682e-15,1.804280015297536e-15,0.18936284825532054,8.13040905438224e-16,6.70365408845031e-17,3.939484155867699e-16,1.771794995939381e-15,2.6824478574362964e-15
2021-06-03,max_sharpe_sentiment,0.024843977657253213,5.316635666306672e-14,0.026065473183712377,3.0302807104541766e-14,0.02935009803831468,0.012846887120343048,3.379454714821324e-14,0.0007517987253226598,1.2717425641507087e-14,3.7811412881548215e-15,7.774400106018312e-15,4.240762320040484e-15,2.488684904061006e-15,2.671424632468003e-15,7.439935374851207e-15,2.4907080479745126e-15,1.5898360321076529e-15,1.9376472529867722e-14,0.138441710483257,2.936469433006625e-15,3.707112794336333e-15,1.0206383111512175e-14,1.2142598489860392e-14,1.8220071328525051e-16,1.496400282919453e-15,3.773400127487643e-15,5.413568665557773e-16,6.330983610815199e-15,7.312298566703611e-15,0.0475913512155721,8.38512141095103e-16,6.451072836921068e-15,1.1454218495271844e-14,2.2982147338578452e-15,4.839647820738344e-15,6.637702274312375e-16,0.1402376106082128,1.4765912402501284e-15,6.2926887765938614e-15,2.487926276632549e-15,0.04478756268431,0.04680030330848253,3.942570784457846e-16,1.319219997746926e-15,1.902886713846005e-15,0.23622191583910845,1.5639755666368158e-15,3.3664078353855927e-15,6.100326462861473e-15,4.342255905005024e-15,2.7973060381668876e-15,3.1173225302346155e-16,5.025487247201965e-15,0.0668063065906374,0.18525500454515736,3.3719933499119647e-15,3.451879642335767e-15,3.5049790020195165e-15,6.148071938693299e-15,5.496793661194505e-15
2021-07-02,max_sharpe_sentiment,0.002375285642811461,2.169668337105824e-14,0.013887713842857096,1.320010091115546e-14,0.021494005216155347,1.6229365707894644e-14,1.2262642252313352e-14,0.008259909868762568,1.3900137743217145e-14,7.248978637344148e-15,1.6148168960601946e-15,0.0035969092724082163,2.1396295595151583e-15,1.2258678412808955e-15,0.03564702495732961,4.78873887614611e-15,5.398055642527056e-15,1.565912832313018e-14,2.9156765318514917e-16,1.0331179574133354e-15,8.383899184761367e-16,6.0231234936075155e-15,7.361602036913913e-15,4.575167261052657e-15,5.292424269710048e-15,2.661593994936221e-15,5.47674143821404e-15,3.756134930315493e-15,3.2554216639394263e-15,0.0945130266536369,3.572313864354332e-15,0.11793310111334024,1.1625509883607245e-14,1.7705547509424311e-15,2.7774302088573115e-16,1.4463785743628074e-15,0.037851591679621,1.109986548960546e-15,5.65688400076676e-15,0.07512637719969191,0.08276941686517396,0.07907794546130839,7.057477407339893e-15,3.3555464212110416e-15,3.1047318569198077e-15,0.3396539565298044,4.417196077531863e-15,1.1506861069292576e-15,8.057375597698074e-16,2.072146500351886e-15,1.2924689186071849e-15,1.8241704769816775e-15,1.1012900849536769e-15,6.286734382645327e-16,0.08781373569687768,2.07153889649598e-15,6.227717500559959e-15,1.0441021586573932e-15,1.1566524856122767e-15,2.613984032974409e-15
2021-08-03,max_sharpe_sentiment,0.0004713955122610691,1.8125735188549108e-14,0.019205517520802642,8.611088196778157e-15,0.014952200360423683,9.52952747340357e-15,1.2959471303183328e-14,0.01077286514122841,4.26300904667625e-15,3.2709976292109613e-15,0.007784621594236225,4.777815231256102e-15,5.745063761586967e-15,1.9718847183138303e-15,4.442824395671217e-15,4.091309103070822e-15,8.907611513753566e-16,1.934400874073026e-14,3.1763829552861443e-15,1.823964843946105e-15,4.1716771347215643e-16,8.053433058904226e-15,9.541445921689749e-15,5.770623016143275e-15,7.74416827060183e-15,8.857915405633778e-16,7.766402548594025e-15,0.02291260588418225,1.3569996723290947e-15,0.07973108152127707,2.0190307750410265e-15,0.1295203051032312,5.9248565089419826e-15,2.3649624404341212e-15,7.894358147404329e-16,2.4374488730677436e-15,0.033020740868037475,5.945459369783368e-16,1.1540173200941863e-14,0.13530485575318454,0.08747388177783781,0.07902921258679374,6.053833819690154e-15,4.940535639439054e-15,3.8321826866762034e-15,0.3641547381226155,1.586299360141511e-15,0.015665978253659524,2.1605549666263155e-15,8.375122483396067e-15,8.136923619111686e-16,3.304686939607808e-15,2.2368562564468672e-15,1.0654985450181552e-15,9.512838992875642e-16,7.23110172397327e-15,7.097940385299647e-15,2.8102057870682745e-15,1.4629607697267497e-15,4.552251219222802e-15
2021-09-01,max_sharpe_sentiment,0.02716435053520397,0.0,0.014337180206228296,0.0,0.012005405915741415,7.481488819085595e-14,0.0,0.004461868549780814,0.0,4.17269019581997e-14,0.020790530649400115,8.468276858370748e-14,8.607363086445787e-14,6.151531875902035e-14,6.823167375015659e-14,0.0,5.99805404612186e-14,0.0,0.0,9.01544295993649e-14,3.792201888240513e-14,0.0,0.0,0.0,0.0,7.940987052492339e-15,0.0,0.0440830293308087,4.9570969446793354e-14,0.07413074997233364,5.488465028170237e-14,0.18786098490332165,0.0,1.2731199157045484e-14,1.0942837403370896e-14,0.0,0.0,5.5505441119196254e-14,0.0,0.06630574406356889,0.0811072871112396,0.05815542485055872,0.0,0.0070520599006468785,3.864868471804043e-14,0.40254538401006335,0.0,4.542324854321015e-14,6.713697402880664e-14,0.0,5.6547797650858596e-14,0.0,2.3245734305219e-14,4.389139583031518e-14,5.566759360691408e-15,0.0,0.0,1.4172014045150787e-15,2.5425503256442515e-14,0.0
2021-10-01,max_sharpe_sentiment,0.03851387138349725,1.0794020888387993e-13,0.008551926313963306,6.994003040683937e-14,0.013124574301722078,2.0727640849803383e-15,4.128412877858021e-14,3.9481385286200526e-16,5.0179624428403554e-14,2.313454499366496e-14,0.0035783360023483937,5.3840187888829206e-15,5.836365757608904e-15,3.175543627491318e-15,6.171828758705415e-15,1.1110589327263605e-14,5.1515860425812e-15,6.621124768357558e-14,2.3799049478020673e-14,5.8797935053728585e-15,4.330307360910952e-15,6.020179183659687e-15,2.0188123425384345e-14,9.090418017834168e-16,2.1009691903551312e-14,3.8196705512603685e-15,4.856980157004996e-14,4.1228103168480885e-15,1.0417237960821108e-14,0.1111891180480834,6.6119251096743545e-15,1.2563769307472036e-14,1.3868817097265376e-14,6.785726238819732e-16,5.016225070197703e-16,2.363101134873926e-15,0.17494370735788956,3.8360295231427455e-15,1.566574662261567e-14,8.271747109780291e-16,0.016192368463488913,0.08522757195864894,1.4217786658625406e-14,0.05277192130426638,4.888607413014619e-15,0.4711939185584566,8.29139036310816e-15,2.3923599074804143e-15,4.96440241059979e-15,2.3189591214741328e-14,3.066938424923657e-15,1.872273275814247e-15,1.9540840060980724e-15,3.323228836698361e-15,4.273407672452518e-16,7.36323759192346e-16,9.357363474856018e-15,0.024712686306947073,2.157118530613744e-15,3.1013464337766488e-15
2021-11-01,max_sharpe_sentiment,0.03235882162054146,1.5371670913404277e-13,2.1767351181957122e-14,7.631729902525371e-14,0.0035889529768988286,2.718222256835887e-14,5.411327041892405e-14,2.5522226986144386e-15,5.4160128418782225e-14,1.616134783415094e-14,0.05467346893598583,0.06214194228158252,1.9961136753505874e-14,9.343967828833824e-15,0.012167391754958137,5.375460838753217e-16,2.020612289505877e-14,4.6806573984893115e-14,7.494019844145589e-15,2.4035512219675322e-14,2.0630530209957264e-15,1.3216448695338943e-14,1.972159304820442e-15,7.297143698032437e-15,1.8092011038462282e-14,3.6359735454365706e-15,4.634247796204583e-14,1.9911944305876582e-14,0.0016858482202423385,1.317245067021869e-14,2.269662221667661e-14,0.147373745625249,9.853036468406136e-15,1.6795499213956632e-14,1.3170469277353788e-14,0.017531856006717292,0.009891240394681446,8.403571790680205e-15,6.154819321256902e-15,7.044814750372227e-15,4.3374825085917376e-14,0.07191403056330643,4.724368397169315e-15,0.06254771177486204,0.04202929296196472,0.36368188192537854,4.374682996676147e-14,4.398334889454819e-15,0.01628310823163502,6.649862543174158e-15,1.0676513623853625e-14,7.85441937186368e-15,1.9544201473742697e-15,1.743040664954367e-14,1.2210716651574318e-14,4.471460909321634e-15,1.3073870696183938e-14,0.10213070672506357,1.0830270921243762e-14,7.400310119525377e-15
2021-12-01,max_sharpe_sentiment,0.023152222286105695,3.429966090107184e-14,3.541050602172158e-15,1.961779588514339e-14,0.002824264485227999,3.418223418546601e-14,1.3823313452626892e-14,1.1373334557895212e-15,8.807850103096967e-15,2.5428066744236722e-14,1.1447415576565914e-14,0.0025106422212954425,1.1998878573422963e-14,1.2598526456476254e-14,1.1324180002976422e-14,1.0046836470276714e-15,8.547656859354197e-15,1.3997217454900883e-14,2.7964605948957398e-15,8.846738365742067e-15,1.0965362027165837e-15,0.04419755422610181,1.1263929624762213e-14,3.816535798417777e-15,2.3789837243635987e-15,2.7630360312941338e-15,5.784704669354696e-15,2.0031623097174362e-14,8.352381464495672e-15,7.16693095864197e-15,0.08596026141593677,0.11062902848903688,3.525332624634733e-15,8.644883375701752e-15,1.0589708065018236e-14,1.1040147724211537e-14,1.8378893092804144e-14,1.2528184138555302e-14,3.924121088958808e-15,1.0219853216132399e-14,0.039978693684303714,0.14448359267271016,1.112727984685284e-14,5.4420987719240386e-14,0.035010339677596716,0.3873369792283362,5.1437873491351856e-15,8.56245811239469e-15,0.02069217297283745,2.0433615562673826e-15,1.0722432220396163e-14,4.9376008316644565e-15,1.0315609962224014e-14,1.77179796178592e-15,9.675357835483116e-15,1.2666968155720694e-14,8.911873719632738e-15,0.0787808203683685,6.988405608500927e-16,0.02444342827163666
2021-12-31,max_sharpe_sentiment,0.012146782596259256,2.904074567640929e-13,5.5317929601158854e-14,5.473604911131368e-14,0.007719518831844019,0.0,2.2216703533061106e-13,0.0,0.0,0.0,0.0,0.059676493407807056,9.401348246485984e-14,0.0,3.2475584384832068e-15,1.443150391372451e-14,0.0,1.5033015613230997e-13,4.6036286861147586e-14,0.0,3.493060559592257e-14,0.07738411091162851,0.0,0.0,3.539671926548675e-14,9.46249820714015e-14,9.187942909822455e-14,0.0,1.7864908044126272e-14,2.23886822751126e-14,0.13709093870125869,0.0,3.209073012041817e-14,0.0,0.0,0.0,0.0,0.0,0.0,1.9079180662313405e-16,0.0900757587190475,0.08532857249254742,0.0,0.0,0.09706757060333164,0.381665220460516,8.934550882612949e-14,8.734111486633868e-15,0.017922861859450915,6.294891409027233e-14,0.0,0.0,1.1734754803104428e-13,6.366205011953641e-14,0.0,0.0,8.553993066167749e-14,0.033922171414621144,2.1590156345074646e-16,0.0
2022-02-01,max_sharpe_sentiment,2.2342120912816845e-15,3.183529762156056e-14,2.154876474925842e-14,6.884965857145935e-15,0.016362516250016505,5.4952496085968014e-15,3.336906504405735e-14,5.705250134345183e-14,5.515673703783693e-14,1.0623104557446868e-13,0.1115819912087572,8.076204721779435e-14,2.5713734808669428e-14,1.1196624395572505e-13,4.7180809286773974e-14,2.0126661246880136e-14,3.924859895522386e-14,2.0013374711210767e-14,1.19207638534909e-14,6.462871463699183e-14,1.0770012975691184e-14,0.16587409325065372,2.950962026967738e-14,9.119912606431869e-14,1.052647948262681e-14,1.7835192393665388e-14,1.1836081028685136e-14,1.0957326211962385e-13,6.089767074747567e-14,1.1813547534522056e-14,7.160591818678588e-14,6.5028523961735536e-15,1.042416119694484e-14,1.0199193610240908e-13,1.5293557056235222e-14,8.959117148577941e-14,0.000974365930611679,6.8171158991963e-14,4.902098154648885e-14,3.493275353954965e-14,0.06336028684038103,0.05500695814139776,5.385780926305279e-14,2.1384374412818864e-14,0.06998434441215812,0.4270560771873629,8.185193445610037e-16,1.3536468731760106e-14,8.182880469700377e-14,1.215377322877213e-14,0.030079034178021477,1.8095749719394245e-14,1.4207650411064813e-14,3.0755662448216066e-14,6.82539236907374e-14,1.535448328128733e-14,8.83318023626197e-15,0.05972033259869352,4.280096944714335e-14,2.1198358203968626e-14
2022-03-03,max_sharpe_sentiment,2.520521875193527e-13,1.7900011859749901e-13,6.439284523374483e-14,1.5771352266063213e-13,0.017546128532957762,6.386124311381621e-14,2.2557938024717145e-13,8.330746368793026e-14,3.16766365029302e-13,3.150651847575258e-15,0.1909894369677174,1.7429293678993258e-14,7.869134264905653e-15,0.025209424168050894,2.1218232726251738e-14,1.4162892306697732e-14,1.737705583889368e-14,1.4148032878459658e-14,2.3024710641760233e-14,1.949118225382578e-14,2.7252632434618887e-15,0.14797517697458645,2.3467877164693382e-14,2.7120310096034712e-14,1.170579477224674e-14,1.2283356081650752e-15,2.1997623118397142e-14,2.720196993916962e-14,2.0716404701696527e-14,2.2522888199402317e-14,1.923549467442143e-14,5.0794320026313625e-15,1.2657391795393496e-14,0.005282072053840914,2.3221937225662818e-15,2.3578853451522996e-14,9.800949775444473e-15,2.5177070384859058e-14,0.026555569409500865,1.0822638304434433e-14,0.09422345188974941,0.055952257645999884,1.440027536283741e-14,9.476630570040603e-14,0.03203976820556974,0.40422671414996786,9.882146155198328e-15,2.4540904552997024e-15,1.5636434063970067e-14,3.320584545846148e-15,2.615199370168522e-14,8.707928654920968e-15,9.569017584443959e-15,2.1874415518835726e-14,2.2938581664445753e-14,7.586896891732254e-15,4.875511182977947e-15,2.3169333151831826e-14,2.64951213663544e-14,1.9074033213852458e-14
2022-04-01,max_sharpe_sentiment,4.835380356241602e-13,3.3253871186615097e-13,1.958698894173289e-13,3.772155684710332e-13,0.018229289258156995,1.536710517993589e-13,4.755361679756686e-13,4.103793053874931e-13,6.058950201931459e-13,5.4858111619292665e-14,0.30345172046690533,8.82078464778083e-15,2.0418539406097943e-14,2.0860012962213865e-14,1.3982395877948302e-14,6.769699891343727e-15,9.63390491710469e-15,9.210419236608853e-14,3.4247133789641757e-15,1.0481634752093743e-14,2.750757222779431e-15,0.08303173601968004,0.0904207618993947,1.7983073511272007e-14,5.870094458770305e-14,4.622752101725383e-14,1.4422720593817264e-14,2.008736052154556e-14,1.0593099303216054e-14,3.255637740563318e-14,9.32295841455714e-15,2.484354470604898e-15,6.260729315582979e-14,1.6717700012470765e-14,1.8915337286105957e-14,1.4417145710817176e-14,6.4094589977270756e-15,0.0021098161249606152,0.05234749526523386,8.479862313548216e-15,0.03330957209589505,0.05982065656000669,1.0768341266426375e-14,0.009147386786638945,0.021969818671865766,0.3261617468474886,1.286958245553714e-14,1.0289334787840171e-14,7.30383001290827e-15,1.0394006509132474e-14,2.048686882918269e-14,2.8275310168796037e-15,6.510318728836869e-15,1.0727170468381497e-14,1.4777925118025073e-14,5.737042091981769e-16,5.131168190534427e-15,9.98973241169424e-15,1.7750444104839345e-14,1.4157004733617034e-14
2022-05-03,max_sharpe_sentiment,0.0,0.0,0.0,0.0,0.0,0.0,0.0,0.0,0.0,0.0,0.228271196634077,5.437724864015324e-14,2.718931770379275e-14,7.585240213931589e-14,6.801999130931157e-14,4.105270805677915e-14,4.1456884394875377e-14,0.0,0.0,4.7119171406350093e-14,0.0,0.11770108459533656,0.13816332957592076,6.012882111648501e-14,0.0,0.0,1.6854323438839096e-14,7.513681735642002e-14,4.61956871958522e-14,0.0,4.9229829773851193e-14,0.0,0.0,0.018464807238454947,0.0,0.061831678674972725,1.0457457102947674e-14,5.945914043258485e-14,6.941320798262751e-14,3.237908009075992e-14,0.08728430657979386,0.02093605228668342,4.507369251318509e-14,0.043500148912153126,0.15535078722104723,0.12849660828033216,4.18784725728586e-14,0.0,4.917077239033044e-14,1.50238825791133e-14,7.905893027372385e-14,2.6657490885214075e-14,3.0992915105969214e-14,2.048091256207663e-14,9.778811583398108e-15,0.0,1.9639963635991945e-14,0.0,7.189357836926957e-14,4.412101940509582e-14
2022-06-02,max_sharpe_sentiment,0.0,0.0,0.0,0.0,0.0,0.0,0.0,0.0,0.0,0.0,0.25971053346138145,1.285009312999102e-13,7.797028343896047e-14,0.13479937128917582,0.03623275047566138,1.2993331986298896e-13,1.0952270188305645e-13,0.0,1.4550961981905502e-14,1.1065129582612012e-13,4.9791052004928994e-14,0.10649209197519045,0.1712102893568077,1.3995110666729692e-13,7.158805840385335e-15,0.0,5.412077380725317e-14,1.5478234229174996e-13,1.2718800348145037e-13,0.0,1.2764698944128712e-13,2.7035760881495352e-14,2.0878945184649457e-14,1.289319795460931e-13,2.724377173271039e-14,0.11706716551463485,3.682690576004693e-14,1.426051269073506e-13,7.24842845838634e-14,7.304699521212291e-14,8.528616253160659e-14,8.373450608132282e-14,1.111358236000722e-13,0.05340084641944635,9.620064167474684e-14,1.3818404514282552e-13,1.0099755946080519e-13,1.1417009519668037e-14,1.1905111083244005e-13,0.0,0.12108695150460173,1.0730470946251124e-13,7.945452684274376e-14,4.8863161402417074e-14,6.715054498824229e-14,1.9284235836550253e-14,6.220322964083101e-14,3.1210126938089896e-14,9.754115554248416e-14,8.050901268496573e-14
2022-07-05,max_sharpe_sentiment,6.913692172563017e-14,7.324202714030188e-14,2.7619814805058203e-14,7.487064528458411e-14,8.031809769666012e-14,4.8700439983617246e-14,6.254606487208473e-14,2.3916897235998807e-14,4.8803758328411955e-14,4.368272371084593e-14,0.4096323744464166,2.3084698408600544e-14,1.4329455665534256e-15,3.5168414167532225e-14,0.0,3.2185955599706716e-14,2.691110189422053e-14,2.0239678653264562e-14,2.2720849563303756e-15,1.9694420497321917e-14,5.815695625005821e-15,1.8557436595734518e-14,0.1240155129875542,3.4332286402714163e-14,3.722802163576792e-15,1.3606346821348725e-14,7.49087381191516e-15,3.551852555695567e-14,2.0062795129843965e-14,1.9994766996367442e-14,2.9302863284500604e-14,7.0194667964827424e-15,1.8244603121306127e-15,0.1115704861286933,3.614001662514239e-15,0.0405712532985647,8.912555729088707e-15,3.6131083060847644e-14,3.035025213649144e-14,9.554278840269697e-16,2.182328498835811e-14,6.706350053310548e-16,3.4212093517366267e-14,0.10126491313711442,2.2264083614765846e-14,2.7153786190386026e-14,1.9052456195944647e-14,6.4314207160083565e-15,2.4573669583728385e-14,5.208825204428404e-16,0.21294546000034925,3.2449223821618125e-14,2.0156521477532715e-14,6.468771433134844e-15,2.9329777515545216e-14,3.922098212888348e-15,1.1550289532958757e-14,5.9435315678900096e-15,2.60705577791813e-14,2.3792039246851782e-14
2022-08-03,max_sharpe_sentiment,1.2911125662018333e-13,1.5288329051293844e-13,6.007574887192366e-14,1.5007759697975626e-13,4.8916486547788e-14,6.760693132495235e-14,1.2219350885153635e-13,3.548167752741306e-14,9.789797628246924e-14,9.186709363701197e-14,0.27247110849637374,0.0,1.9142146425803182e-15,0.0,0.0,0.0,0.0,1.2630638117009144e-14,4.1911951823465015e-15,0.0,3.7158047892688e-15,0.0,0.15909579705169524,0.0,2.6243351280485858e-15,2.217662352013537e-14,3.0169705261482893e-15,0.0,0.0,2.0979169173062755e-14,0.0,0.0,8.50054946620579e-15,0.0,0.0,0.039710692566805275,0.0,0.0,0.0,9.546633565490377e-15,0.016532515529731385,0.0,0.0,0.200901837897468,0.0,0.0,0.0,0.0,0.0,8.424739043125824e-15,0.31128804845649094,0.0,0.0,0.0,0.0,0.0,0.0,0.0,0.0,3.81617374959952e-13
2022-09-01,max_sharpe_sentiment,0.0,0.0,0.0,0.0,0.0,0.0,0.0,0.0,0.0,0.0,0.07565090494897367,2.5259272604552314e-14,0.0,3.7375011061496046e-14,1.4303855933960096e-14,0.05762388154337603,2.834026748821017e-14,7.108528081549408e-17,1.321833802253487e-15,2.7820660464029094e-14,6.278516200758206e-15,0.06410354024934749,0.1331061015258535,4.203429388892751e-14,1.1507683955177772e-15,0.0,0.0,4.051625081082358e-14,3.4851109353762944e-14,0.0,3.833881621569919e-14,1.2576412514465851e-14,0.0,4.920971973014966e-14,8.061169751775216e-15,0.030393085725248792,8.464819642700857e-15,3.962138149422373e-14,1.0152606231356832e-14,0.0,2.8161480310196714e-14,0.0,3.712026845157e-14,0.23273326464315142,2.348639666247147e-14,3.790727613022532e-14,6.485256957762476e-14,8.820259474491602e-15,2.983460141957245e-14,0.0,0.34161351400321,2.8943401249530324e-14,3.516669475100843e-14,5.278101790932482e-15,3.661101634859941e-14,1.0531387626672204e-14,1.9828870831240924e-14,1.9220267001746808e-14,3.3322206418227317e-14,0.06477570735999413
2022-10-03,max_sharpe_sentiment,2.9093354600404165e-13,1.7567176939110929e-13,1.1065821079490848e-13,1.6189093941198403e-13,5.120718039393797e-14,1.323414540661144e-13,1.7579846913369628e-13,9.013529348790364e-14,1.1077426574449566e-13,7.564773857090601e-14,0.5229652249740648,0.0,9.262755235979651e-14,0.0,5.125029774391764e-14,0.0,0.0,2.4934771126108595e-14,0.0,0.0,3.0116889184391605e-14,0.0,0.15670201507974507,0.0,0.0,3.466622809527676e-14,0.0,0.0,0.0,4.3500907021518155e-14,0.0,0.0,5.692424374330074e-14,0.0,0.0,0.04876272909369981,0.0,0.0,0.0,4.025787030589886e-14,0.0,6.046078073436366e-14,0.0,0.22137669498821366,0.0,0.0,0.0,0.0,0.0,5.75378734249151e-16,0.012971392308375471,0.0,0.0,0.0,0.0,1.3854651354524818e-15,0.0,0.0,0.0,0.037221943554089414
2022-11-01,max_sharpe_sentiment,3.4939851748689764e-13,2.338372210799257e-13,1.7737898395256904e-13,1.9512379195150543e-13,9.077088169746748e-14,1.83531676310975e-13,2.388662825500991e-13,7.56401209423341e-14,1.529408388685484e-13,8.080189734528434e-14,0.1751638719199214,0.0,5.790462440478626e-14,0.0,1.0463625044850999e-13,0.38595960518525074,0.0,1.001430539909027e-14,0.0,0.0,2.9946863696141484e-15,0.0,0.05942425674857242,0.0,0.0,1.1790560657843432e-14,0.0,0.0,0.0,1.7163087193374994e-14,0.05023768731607104,0.0,4.822477084195535e-14,0.0,0.0,0.0,0.0,0.0,0.0,4.6550065963605285e-14,0.0,8.59043720239165e-14,0.0,0.10434250269345263,0.0,0.0,0.0,0.0,0.0,0.0,0.0,0.0,0.009180532149053297,0.0,0.0,0.0,0.0,0.0,0.0,0.2156915439855148
2022-12-01,max_sharpe_sentiment,0.0,0.0,0.0,0.0,0.0,0.0,0.0,0.0,0.0,0.0,0.062161792939822366,1.1490094144207747e-13,0.0,3.8677600108202147e-13,0.0,0.2713286339436435,1.459421806243568e-13,1.8211308584796715e-13,1.848493924264785e-13,9.695779309700437e-14,2.614577231430863e-14,1.2664870825482217e-13,2.7316006290325954e-13,2.049199158953091e-13,1.1013919892285039e-13,0.0,6.88652005736416e-14,3.200227546624969e-13,4.102886291280797e-13,4.50616645348582e-14,4.4656493922347735e-13,2.0603510567962994e-13,0.0,4.4852042779632974e-13,8.085814069294022e-14,0.3880504999439169,1.699023080544046e-13,3.0872049705216797e-13,1.3263393332628052e-13,0.0,3.2252076856760805e-13,0.0,2.3856198047717857e-13,0.08271390516412619,2.0821131378941262e-14,1.5751379468166096e-13,0.0,2.74440776536331e-13,1.4302984815197664e-13,1.5557823941588835e-12,3.5424715827362603e-13,3.61534328895507e-13,0.024047294382355075,1.603600458557365e-13,2.3245196818612885e-13,6.746144581862477e-14,2.457798418528134e-13,1.468219399646893e-13,4.2514974466648084e-13,0.1716978736169395
2023-01-03,max_sharpe_sentiment,0.0,0.0,0.0,0.0,1.3227605400597834e-15,0.0,0.0,0.0,0.0,0.0,6.750222114727134e-15,1.122004427500843e-15,0.0,6.417824910611851e-15,0.0,0.028236738287219756,1.1759804160147045e-16,5.983558605849348e-15,6.003199008921228e-15,0.0,1.880775248312901e-15,0.0,0.0,3.5063383996542115e-15,1.3515928957039757e-17,0.0,0.0,6.003425903795061e-15,5.636177037513233e-15,3.1861889876395195e-15,8.337165280531342e-15,6.127056439306206e-15,0.0,6.6306777063664604e-15,2.0723178993385923e-15,0.6405010659206074,1.0052763222362289e-15,4.938113902231772e-15,2.090910944189201e-15,0.0,7.918617804250908e-15,0.0,5.302613297767666e-15,0.08626284131697108,0.0,1.0613632460104815e-15,0.0,3.172392650567297e-15,2.311234186495244e-15,1.9728527530035225e-13,7.02921414187999e-15,6.674555616076751e-15,9.44614933874411e-15,1.9711675907362866e-15,4.063949843031777e-15,1.1561697853373302e-15,4.477051914759266e-15,1.2834886342542625e-15,9.085502303671235e-15,0.2449993544748605
2023-02-02,max_sharpe_sentiment,0.0,0.0,0.0,0.0,0.0,0.0,0.0,5.832252107607288e-15,0.0,1.4400310579999882e-15,1.456610914372955e-14,1.1379813526772138e-15,0.0,1.897569013172765e-14,0.0,2.539281080821305e-14,5.425834733093491e-15,1.0880410554435265e-14,1.0028873702124002e-14,0.0,1.2497121781592847e-15,1.3681577792755744e-15,9.031835339762617e-15,4.048088071371027e-15,9.087620490159783e-16,0.0,4.456909706986413e-15,1.4990611763420243e-14,1.1971049567407994e-14,6.998901546778913e-15,0.04986443775673321,9.690421791529719e-15,0.0,1.7061668610633133e-14,0.0,0.4790988450553348,3.637780715203591e-15,1.3426118501331002e-14,3.3588760478297855e-15,0.0,0.12606587154170815,0.0,1.5848375358532513e-14,0.06313658938535664,0.0,8.709405776768584e-16,0.0,1.3981316841194375e-14,6.7479717031130924e-15,3.256120088201566e-15,1.5537468975315524e-14,1.893129979749659e-14,0.1488161451408807,0.0,5.0862824755407324e-15,3.3276616313831467e-15,6.760224425481926e-15,1.5193184700371428e-15,1.8414250908877824e-14,0.1330181111196806
2023-03-06,max_sharpe_sentiment,0.0,0.0,0.0,0.0,0.0,0.0,0.0,6.065728722157452e-15,0.0,0.0,2.3026787212885634e-14,5.775822825699418e-15,0.0,2.0473381862952606e-14,0.0,3.54315014849733e-14,9.43922129090019e-15,2.1872312916805643e-14,0.02374591500399011,0.0,6.366313955153918e-15,0.0,0.0,0.0,9.183718929944412e-15,0.0,1.1283245598078017e-14,2.1852741680168695e-14,2.4021187455021056e-14,2.8818943457222757e-14,0.17825728691634213,2.2825176682532373e-14,0.0,2.5143045939541115e-14,8.613630201234869e-15,0.6037165369049414,2.85992299420348e-14,1.9244316949388127e-14,0.0,0.0,0.022944792011691414,6.042125921222338e-15,2.7913711128637044e-14,0.0,2.8414031977776662e-15,6.135816622999172e-15,0.0,3.473150226572236e-14,2.278361986179901e-14,0.009082241471600682,2.745274518352051e-14,3.438780811050507e-14,2.3649281971385912e-14,1.839557610862304e-15,1.8007994881800318e-14,9.54559099527124e-15,2.376567361179001e-14,1.169775702809414e-14,3.722873831698701e-14,0.1622532276908184
2023-04-04,max_sharpe_sentiment,1.4416391031763142e-12,1.1141421243725075e-12,7.819556873401501e-13,1.001356942493037e-12,1.253784636926879e-12,1.0648820386068545e-12,6.760405383723538e-13,5.159076857522508e-13,9.892540551131325e-13,5.294031204905071e-13,0.0,1.145210483997037e-13,3.952954723392001e-13,0.0,6.188521136101363e-13,0.0,1.1439081627485028e-13,2.6286867616997156e-13,3.9796208562017894e-13,1.6094755108321685e-13,1.2491675405608933e-13,7.334055751697246e-13,4.445218711683405e-13,5.357754176527637e-14,2.5090061826777877e-13,4.221162690306937e-13,2.939954307591044e-13,0.0,0.0,0.09158024960241969,0.31078256567773915,1.8644544533012701e-13,5.812914953237537e-13,0.0,1.6534704393866136e-13,0.41183725008120387,2.3431021766718757e-13,0.0,1.806007715580457e-13,4.269803839583604e-13,3.4238258470622634e-13,5.856586982551084e-13,0.0,6.515987859785378e-13,3.184631710843676e-13,8.87971238888394e-14,5.030190406407076e-13,3.237478786341774e-14,0.0,8.54266711756776e-12,0.0,0.0,0.0,1.739669090596295e-13,2.2731314739327756e-14,4.4143003067892755e-13,8.047861344438205e-14,3.720498302466569e-13,0.0,0.1857999346109499
2023-05-04,max_sharpe_sentiment,8.03852940282899e-14,7.062679077398533e-14,3.443508797557932e-14,5.2148352927403406e-14,5.1143541468927186e-14,5.1875833687243556e-14,3.776814380056743e-14,1.7033723211811172e-14,5.5910935574384393e-14,8.270068782698513e-15,5.6161350359437656e-14,1.8653960244635998e-14,1.842996635759555e-14,3.299294126834202e-14,3.835911610190939e-14,5.587584088363087e-14,3.030720842485072e-15,1.0178961906874987e-14,7.797229279433372e-16,9.620158924075103e-15,1.8951448840204247e-14,1.1266598466781347e-14,2.304822997555809e-14,1.5474473532482107e-14,5.427702942228645e-15,9.540882070832217e-15,1.0620683390604573e-14,3.9851270854351324e-14,4.6194421016042814e-14,0.40100300113994913,0.09093626253002803,1.4682753758453097e-14,3.0195023468083625e-14,5.145214712528365e-14,1.2674109422009825e-14,0.49305296770221974,1.016166580237528e-14,3.621831665349626e-14,8.732271370356757e-16,9.53132027503013e-15,1.5787265312799885e-14,3.389304354700573e-13,3.353328058489556e-14,8.759344023307732e-15,1.4767470261054235e-14,1.2813294132924957e-14,2.3908203088130216e-14,0.015007768625964622,3.4469901461080845e-15,9.100013548596594e-15,4.7434790882098914e-14,3.208061989535836e-14,4.305966802133761e-14,2.272500095664525e-14,2.516789763012703e-14,2.2946708092087834e-14,1.7566785894952536e-14,7.836352631960021e-15,6.084746875612217e-14,4.7857003123395435e-14
2023-06-05,max_sharpe_sentiment,0.0,0.0,0.0,0.0,0.0,0.0,0.0,0.0,0.0,0.08428339799550631,6.491406037486203e-14,2.2592524392742165e-14,0.0,2.9888827383975795e-14,0.0,5.3518329730228124e-14,0.0,0.04253533714623206,1.5239967106352797e-14,0.0,6.396859343298545e-15,1.6482665937345467e-14,2.504304195010292e-14,0.0,9.85053991484237e-15,0.0,0.0,3.657651007005804e-14,3.907452302371529e-14,0.3314243557087233,8.573701659023795e-14,1.7382016279620085e-14,0.0,5.936059520970124e-14,0.0,0.4016719879259806,1.0938265898996364e-14,4.1609887046364486e-14,0.0,0.0,0.0,0.09827584809766939,4.1116341249334195e-14,6.556909764252097e-16,1.1172306333116496e-15,4.04842697690139e-14,0.0,6.365637408234773e-14,0.0,2.033504421805278e-14,5.480601476745326e-14,9.977222321550865e-15,5.044972613675027e-14,4.504491591308949e-14,2.5064521364095434e-14,0.0,2.6410147647795867e-14,0.0,0.041809073124921554,5.300638588477503e-14
2023-07-06,max_sharpe_sentiment,0.0,0.0494905819469012,0.0,0.0,0.0,0.0,0.0,0.0,0.0,0.027952408600564294,1.933915336048047e-14,3.484257454649974e-15,0.0,5.1456522711764455e-15,0.0,1.6824413801916277e-14,0.0,9.524517859283436e-15,8.68713502275155e-15,0.0,3.637104458881823e-15,1.0843468601013553e-14,8.713828163061446e-15,0.0,2.8296244979140352e-15,0.0,0.0,7.227257571483006e-15,1.4546384486235453e-14,0.4414751533608103,2.2876376716277443e-14,1.8792863621651543e-15,0.0,9.551830875241632e-15,0.0,0.30286655922278927,4.239181238386516e-16,4.3111759848895665e-15,0.0,0.0,3.2410661757435514e-15,0.11298698123083717,8.447434160073012e-15,2.43491009371567e-15,0.0,9.043915881181381e-15,0.0,1.1609619637999191e-14,0.0,1.45857111938351e-14,1.1496878923371555e-14,1.3749539295491836e-15,1.32600988594869e-14,3.2063392673465714e-15,1.5854946229333494e-16,0.0,6.285407247319404e-15,0.0,0.06522831563784706,1.572193484715729e-14
2023-08-04,max_sharpe_sentiment,0.0,0.028657345107919674,0.0,0.0,0.0,0.0,0.0,5.015097018481688e-16,0.0,0.057330508527178255,1.944335031046367e-14,4.977480979687932e-15,9.30889480417999e-16,3.659055358065827e-15,0.0,1.1376341714084831e-14,0.0,1.0344702252920933e-14,1.581882558553616e-14,0.0,9.654783470958187e-15,1.1775309882381813e-14,4.853381923003026e-15,0.0,7.09047138728534e-15,0.0,1.2932520172832706e-15,4.651004556010394e-15,7.072813961149756e-15,0.43208420170414985,0.04092094183195431,4.7339085419241744e-15,0.0,9.774110030343859e-15,0.0,0.2941722828710991,1.533156526328583e-15,0.0,5.000148399885934e-15,0.0,2.6642203096861786e-15,0.10610281421699856,3.341819493242157e-15,6.04403560347879e-17,1.7379922109977202e-15,5.377269994390944e-15,0.0,1.0707602040288024e-14,1.6730809252563467e-15,0.0407319057404756,7.068642849726804e-15,2.3695946070552377e-15,7.288992242045732e-15,1.0124673558661906e-14,2.007232488344564e-15,0.0,6.573233855205737e-15,1.9744733872211228e-15,1.7971533927140425e-14,9.324345979545039e-15
2023-09-05,max_sharpe_sentiment,4.725990181788232e-14,0.02231954476327442,3.039586143959169e-15,3.511807102090547e-14,7.80864075966633e-14,1.936675603613953e-14,1.2557412264806706e-14,0.0,1.8631371277122804e-14,0.02841320179204024,0.0,0.0,5.4332300885186946e-17,0.0,3.304771554774959e-14,0.0,1.096841574417715e-14,0.0,0.0,2.2257800057529152e-14,0.0,0.0,0.0,9.022382590761408e-15,0.0,3.0319029775473653e-14,0.0,0.0,0.0,0.38671751271920113,0.0,0.0,2.537816531237819e-15,0.0,6.083551636558619e-15,0.3662366161213713,2.008144700227904e-15,5.0950106024533525e-15,0.0,9.052577787398032e-15,0.0,0.1733163108920071,0.0,5.492307023413704e-15,2.9493539379603443e-16,0.0,3.133022956323456e-14,0.0,0.0,0.022996813711693653,0.0,0.0,0.0,0.0,9.342637009999272e-15,1.5512594940643743e-14,0.0,5.5527976114457235e-15,0.0,0.0
2023-10-04,max_sharpe_sentiment,1.3987267056908914e-14,0.0377480454250854,0.0,9.549898290093239e-15,1.520612694469864e-14,2.2404198183229423e-15,6.592784260215492e-15,0.0,5.219383523938632e-15,8.902579521421099e-05,0.000862791853353885,0.0,0.0,0.0,0.0,0.09135375522891703,5.093545455037789e-15,0.0,0.01574348769925272,4.966099570604564e-15,0.0,0.0,0.0,4.269342566870293e-15,0.0,6.364251481460677e-15,0.0,0.0,0.0,0.48504394154674785,0.0,1.5036411110103633e-15,0.0,0.0,5.816764361147481e-15,0.16667491892250083,1.2596720075715984e-15,7.84306247742708e-15,4.555363823139729e-17,3.1228839006634644e-16,8.828723546210974e-16,0.1755089579115067,0.0,2.9953793628146773e-15,1.2511065446209207e-15,3.055598791896823e-16,1.501381001981362e-14,2.7828302209653167e-16,4.1189148430449934e-17,0.026975075617294685,0.0,0.0,0.0,0.0,3.151918702593108e-15,1.0443452663235567e-14,0.0,2.2345071732520738e-15,0.0,0.0
2023-11-02,max_sharpe_sentiment,0.0,0.08349531501319979,1.3644618127432545e-15,0.0,0.0,0.0,0.0,4.266594742338426e-15,0.0,0.00528509066670918,7.502559669435235e-15,6.051695591061023e-15,4.6010949891457345e-15,5.705384157624926e-15,0.0,8.564856458940167e-15,0.0,8.919115849435058e-15,2.2486790194525478e-15,0.0,6.670859163139409e-15,2.7931937728695183e-15,1.8452633442219546e-16,0.0,3.61134569333846e-15,0.0,2.087348337953989e-15,8.38141333384619e-15,4.4245285969177504e-15,0.46055252748700237,9.182734540103522e-15,0.0,3.9156311405320124e-15,5.695677132190436e-15,0.0,0.06764365914883944,0.0,7.896288103701758e-17,2.511331751170762e-15,1.0067704468787757e-15,0.0,0.24212402945973072,0.0,0.0,0.0,0.0,0.0,3.1529542246876443e-15,3.736418675905153e-18,5.2714706371759225e-15,9.511256306803374e-15,6.23289413780349e-15,6.852221771079257e-15,5.89552351267297e-16,0.0,0.0,4.380731197108181e-15,0.0,0.14089937822437718,5.6784044859877904e-15
2023-12-04,max_sharpe_sentiment,4.840704477046326e-15,0.044319591851312824,0.11131447365813585,6.965650596507298e-15,9.11293068201983e-15,2.2832281673866976e-16,8.116026783077026e-15,3.706569075967923e-15,3.3729949070401678e-15,1.9536658315577494e-15,5.1294115133967084e-15,3.8908636595753944e-15,0.07432107716637129,2.3424124569175012e-15,9.50071469570612e-15,4.096717422171043e-15,1.5445786171155831e-15,4.11251321029433e-15,7.247908719059906e-16,6.7328597080142e-16,2.32764468092137e-15,3.1360899951379166e-15,3.548140354103411e-16,6.606065496488963e-16,5.366604706267814e-16,2.2809181069134826e-15,1.7765625026870407e-15,4.50780852124199e-15,3.229404723366954e-15,0.48835386479491777,3.209834228087158e-15,1.0497863275035139e-15,0.024702012326175932,3.574487938170099e-15,3.380802852026165e-15,5.287222401937856e-15,4.5973298576253955e-15,2.5823848169490125e-15,1.77173159766104e-15,1.8280733610971974e-16,2.0216843215518738e-15,0.18367152756571903,1.966254993186478e-15,4.926117814642311e-16,3.7864411337735076e-16,6.716153899631022e-16,4.123949143876174e-15,2.354547152228478e-16,6.259063094340715e-16,2.0519347978771427e-15,0.06216086964226058,3.501986160306097e-15,4.852171247568993e-15,0.011156582994954835,2.932540216460204e-15,1.4721583116476407e-15,3.353088172018309e-15,2.433266263288529e-16,4.6938166412510064e-15,3.672451594821856e-15
