date,min_variance,max_sharpe,min_variance_sentiment,max_sharpe_sentiment,min_variance_sentiment_shock,max_sharpe_sentiment_shock
2021-01-04,0.003607909839770579,-0.003145436619683575,0.004034332092932143,-0.002904381702970915,0.005059117553141831,-0.0022503761689354005
2021-01-05,0.0011408001060972727,0.04868501663429657,0.0011067303523299159,0.0480812195775057,0.0009778621596746818,0.04798819587838033
2021-01-06,0.006032266350447097,0.08777505160798896,0.006216111554853316,0.08647039022103226,0.006592412362563537,0.08644406936792612
2021-01-07,0.0063233863832819134,0.041361822861077514,0.006243210640661935,0.04098120586473592,0.006017858293435622,0.040833612562030906
2021-01-08,-0.0023736349130089158,0.015856846928180943,-0.0025355533910463323,0.015414241969666906,-0.002971425993522794,0.015029839819169204
2021-01-11,0.0003741847135290258,-0.04285972153757868,0.00036001817356134876,-0.0422063074532753,0.00022205690477252406,-0.04218516303830191
2021-01-12,0.00138667908243711,-0.02614132866798757,0.0015135986661521412,-0.02577560361279059,0.0018700451872403882,-0.02556630828962831
2021-01-13,-0.001714972749289199,0.06164763272539264,-0.0017564469902985995,0.060741386563263444,-0.001935307819445574,0.060501898573472476
2021-01-14,0.003844327175450743,0.02662861050260559,0.003891256644701225,0.026262456720756725,0.003961627048784594,0.02638270605751504
2021-01-15,-0.005253120207871254,-0.04520303012036065,-0.005404746436314449,-0.044873320728126054,-0.005848596663606137,-0.04486746204955328
2021-01-19,0.00965675922377684,-0.009572490298425008,0.009502108258056776,-0.009427250207678541,0.008887944426112567,-0.009368142789961278
2021-01-20,0.015147271765144483,0.001138104127360026,0.015166259638545163,0.0015094338285522781,0.015336410562875158,0.0015627921841881015
2021-01-21,-0.009310135449444656,-0.08352050133572142,-0.009372749553071894,-0.08233547292899328,-0.009493363153983893,-0.08218863529387285
2021-01-22,-0.00048169798497381134,0.042106505450205084,-0.0004588198783152561,0.041395049258226256,-0.0003796373881047718,0.0412108894648201
2021-01-25,0.003328676763945338,0.0007223692668996483,0.0032784179337912354,0.0007373588122157352,0.0031391714912766093,0.0006673801824750455
2021-01-26,-0.0017899108462970648,-7.171409477267946e-06,-0.0017796246336456343,-0.00011675598656413875,-0.0015957142794746353,-8.633268635243477e-05
2021-01-27,-0.021587775360702915,-0.05397009950674851,-0.021849575253666056,-0.053698541004912476,-0.022314219336198735,-0.053778074356975604
2021-01-28,0.0010409614092835118,0.07428228033868868,0.0011427863657415954,0.07338972548417787,0.001370570061277251,0.07322070126653657
2021-01-29,-0.010495161648269375,0.012838501855512023,-0.01050081240300642,0.01258441073386985,-0.010545803862650157,0.012567498565499269
2021-02-01,0.0005178941830918443,0.013649634432196734,0.0004663715851537364,0.01358010938292455,0.00041187017417146143,0.01355797834929921
2021-02-02,0.0067325841738468265,0.044091324192229685,0.006663663692709517,0.043662751750822376,0.006475986146361656,0.043332007178889506
2021-02-03,-0.002459724880182049,0.023434904503948112,-0.0024721655582046823,0.0229560051729341,-0.002604908623098803,0.02278883654466531
2021-02-04,0.0022186743395857657,-0.00796185576792477,0.0022748759858156396,-0.007638351499507299,0.0023245981793684587,-0.007601418991939452
2021-02-05,0.014673013012731707,0.026901563828311336,0.014651959197519387,0.026360890198383856,0.014691652705647828,0.025826296781116538
2021-02-08,0.0030385359882696677,0.09464403119271288,0.003026987435087177,0.09394474499961263,0.003169550904762759,0.09478947141501684
2021-02-09,-0.0008940329266973665,0.003195343441297651,-0.0008493752081043305,0.002925311215726899,-0.0006552142046277567,0.0022648898496627286
2021-02-10,-0.007032939237023524,-0.002814638178828358,-0.007068659550360118,-0.0022033530512497812,-0.007246562476363175,-0.0012372540491176085
2021-02-11,-0.004868510441826531,0.04372730774585508,-0.0047887390954777925,0.04343120708280778,-0.0045800795104831505,0.04419250532801547
2021-02-12,0.004263012439452067,0.017898660046470505,0.00424646965946071,0.017281046844524296,0.004220842811158643,0.016602083454545946
2021-02-16,-0.009133159244901483,0.011101728521699246,-0.009026713788669096,0.011273731773463176,-0.008519488407559268,0.011927362312390504
2021-02-17,0.006794489615165761,0.021258196400302787,0.006849630108791768,0.02041492388573343,0.006898685034453471,0.019681345712785153
2021-02-18,-0.011245776418601064,-0.003127209025657101,-0.011565762407253214,-0.0031442054178783636,-0.013236178404516937,-0.0033535934255609656
2021-02-19,-0.007289430086770246,0.038756401267282616,-0.007211129293151297,0.03814744895111191,-0.0068112377217933355,0.03806524014401785
2021-02-22,0.0015315359517590345,-0.0401672576141969,0.0014424858882220982,-0.040065752513836796,0.0011219509873459993,-0.04077213121121573
2021-02-23,-0.007188063401218042,-0.07035757382880206,-0.007241957518614199,-0.0693371104295441,-0.007598938927567346,-0.06908104733713638
2021-02-24,-0.000989981008335474,0.019469893867805208,-0.0011109625432117254,0.019523364408244523,-0.0017322144387234215,0.02004331796899405
2021-02-25,-0.008981439455358509,-0.051347924753614604,-0.008991726565034944,-0.051777378065681924,-0.00912627144819626,-0.05306284013329639
2021-02-26,-0.017515583373788265,0.007101847191719786,-0.017463952912913278,0.007471657809155315,-0.017361318997402994,0.00810550871764829
2021-03-01,0.008875750442956697,0.056715587056959796,0.008913376992078833,0.05587309368756656,0.009061512159778615,0.0552965857508826
2021-03-02,0.004790787073082346,-0.0202983825361963,0.0046448964399355315,-0.020438236329835765,0.004247062263615305,-0.021016157775242447
2021-03-03,-0.012532737959554232,0.007784636470222356,-0.012601407059490071,0.0068764468699568536,-0.0130140434858498,0.005852083626157629
2021-03-04,-0.0039031861447465814,-0.02832860437606338,-0.003914994628608863,-0.028394941159156865,-0.003884486285181235,-0.028886213154676186
2021-03-05,0.01499225684379492,0.017735451297123235,0.015042145064008824,0.017816401561841305,0.01525339561522404,0.017801277401944243
2021-03-08,-0.0038625001741517226,0.0005550434163187903,-0.0037621040095345668,0.00042206434822583547,-0.0037514423178429293,0.000468240798013479
2021-03-09,0.006416763421385808,0.03569615510681325,0.006552446606741931,0.03557121759437958,0.0070156534062196085,0.0356252399381418
2021-03-10,0.009387454457261343,0.007374794817567593,0.009187567317421399,0.00740341653243464,0.008664076005834423,0.007407860197980772
2021-03-11,-0.0008302898187299607,0.018016036157892497,-0.000778541118514554,0.017980714144064755,-0.00048265377722320695,0.017993017632494616
2021-03-12,0.005287401627851602,-0.011099727580572377,0.005397302072898355,-0.01101628791217077,0.00544070588525545,-0.011041307599985083
2021-03-15,0.014369824405281412,-0.04060817073137612,0.014492987176650448,-0.04054658268555325,0.015360325101654825,-0.0406056724411978
2021-03-16,0.005420885047775192,0.023209138901277914,0.005516551963810974,0.023076005656270788,0.005704524164509034,0.02312865210713182
2021-03-17,-0.007765865440410204,0.020162778620757292,-0.007645934344063491,0.019960724866355025,-0.0069219352154098095,0.020033683506664148
2021-03-18,-0.007506277559373835,-0.01694395864136847,-0.007418431376015356,-0.016859034422287807,-0.007233617642543259,-0.016898333261585026
2021-03-19,-0.0012700827940771659,0.005247833176594132,-0.0017687676171706127,0.005181088942693072,-0.0029011574932875,0.005187754282414025
2021-03-22,0.008940528197955282,-0.025119302240267233,0.00887135888957024,-0.02490102015412759,0.008430205880698118,-0.024986415368376532
2021-03-23,-1.2106738082870035e-05,6.228916481239108e-05,0.0002273690091664433,1.7057969928289923e-05,0.00035439843271376317,3.542944805609716e-05
2021-03-24,-0.006000569262154445,-0.024994778591918218,-0.005990507941746285,-0.02484153216991923,-0.005839375413524156,-0.02488482626686011
2021-03-25,0.0018165333664713703,0.00022543657965513092,0.0017218923813035868,0.0003503614672404128,0.0013724165961426673,0.0003110916298477825
2021-03-26,0.01672797065696523,0.053057413294941576,0.016810811521084993,0.052912480363294406,0.017241335632560452,0.052972694905220524
2021-03-29,0.011360741426527914,0.017236457284537283,0.01139479447758872,0.017138352192261865,0.011438279243273102,0.017176795086884893
2021-03-30,-0.00985258862507763,0.01043804159853214,-0.009953033076808126,0.010393975551203364,-0.010551555011943825,0.010430623721868176
2021-03-31,0.0006991663152786055,0.0030040170906383964,0.0007265205271828136,0.0030344221248318447,0.0008584214914845762,0.00302841732774078
2021-04-01,0.011542917256303986,0.008032085863429447,0.011831359490369158,0.00802999554189672,0.012741420438440215,0.008043313083026356
2021-04-05,0.009242079208808741,0.022082098736230696,0.00931310682545351,0.021972497886244252,0.009372693803729322,0.022012613235680288
2021-04-06,-0.001178063834643966,-0.003019090334368791,-0.001105838378691195,-0.0028032139216891314,-0.0009996851488716005,-0.002587942399332922
2021-04-07,-0.002146427906629561,-0.020353116378507785,-0.0020959334294770654,-0.019944393079777443,-0.0020263490879289807,-0.019512708474135356
2021-04-08,0.0008086942596649999,0.019522791630063048,0.0007054637768326164,0.019048279742790386,0.0005483439065637822,0.018453743720389965
2021-04-09,0.0029193208848585527,0.001016385608435928,0.00289610203924025,0.0011556067187771541,0.0027912967558872247,0.0012120027173247762
2021-04-12,0.0018013383678935574,0.006907997787008497,0.001699622328155735,0.006813499477752602,0.0015423298884826276,0.006715560218528246
2021-04-13,0.0031779821747772463,0.02124524475747973,0.002926600735796283,0.02052338422364556,0.0024758571451237612,0.019771167298460585
2021-04-14,-0.002606175032147594,-0.002474108703899541,-0.0025224614220993916,-0.002434766754171377,-0.002407591409754333,-0.0024293397763621265
2021-04-15,0.009012199988654317,0.015602926585983829,0.008864779966221526,0.015338136199610393,0.008646837453902358,0.015054153647405862
2021-04-16,0.0021670100949254824,-0.00897590949130024,0.002106890002097029,-0.008712141622946812,0.0018432462645827953,-0.008456150271409087
2021-04-19,-0.00265127874977172,-0.008214148546548438,-0.002740922607787306,-0.007978856778822065,-0.002949187113196043,-0.007866425509412911
2021-04-20,0.006121337303787656,0.0017562265536357497,0.006025649241237886,0.0014930362744243167,0.005765874868623016,0.0013263258017067985
2021-04-21,0.004040825002440542,-0.005804070727335669,0.004071756537410041,-0.005239790720681629,0.004072078201940581,-0.004746597107668348
2021-04-22,-0.0018100742251415708,-0.019737767793352744,-0.00164241516527661,-0.01931046853049461,-0.0010811123826450389,-0.018791754946243897
2021-04-23,0.002587570809226416,0.008418525545920664,0.0026058619194827323,0.008628764873708337,0.0026449064648099,0.008764678946478074
2021-04-26,-0.00440903058930985,0.03240886232272208,-0.004462098793060128,0.03130275145725068,-0.004419429192673491,0.03012283863298465
2021-04-27,-0.004321443133409963,0.019881078522496272,-0.004419939604684671,0.019621785832998555,-0.004620755188509702,0.019250873714652273
2021-04-28,-0.00039977366878321053,0.0027736390672236213,-0.0002943949474889367,0.0028341757870774704,-2.833685645913082e-05,0.002874961623704481
2021-04-29,0.006709740400690467,0.002364578802908277,0.006706191270086034,0.0027056292107844404,0.006745636439223183,0.0031357457476201725
2021-04-30,-0.00033767152532503174,0.016026883370718493,-0.0005497714546830306,0.015220653232624904,-0.0010702218523878045,0.014231184970078926
2021-05-03,0.008356398934523562,0.01274584275040642,0.008287394520021273,0.012622767893636273,0.00792737378836291,0.01232656579890075
2021-05-04,-0.006567553455616943,-0.020843033269409415,-0.006622895137643624,-0.020213069457907705,-0.006763661037202498,-0.019669843027082815
2021-05-05,0.004393110873637776,0.029753586489194565,0.004112516966662823,0.029117333038551615,0.0037757475013399156,0.029523628055772178
2021-05-06,0.007356136496407433,0.014097665488395122,0.0074130412354028105,0.013872442564807595,0.007631104578797626,0.01402636827435808
2021-05-07,0.0008453013794277621,0.007124912315946969,0.000847084681711564,0.007168327904090277,0.0008029479425605247,0.0071783671916489005
2021-05-10,0.004030772937529423,-0.012432530024854862,0.004091167983277143,-0.012194517937765935,0.004093944831247176,-0.012392577121478213
2021-05-11,-0.007657912416212913,-0.0018759463901524757,-0.007685258101752545,-0.0020839303227664003,-0.0076339387958930145,-0.0019048771252136013
2021-05-12,-0.01536619683689346,-0.03869709552493958,-0.015356035541724457,-0.03813854993578193,-0.015573039752121912,-0.038676599751221015
2021-05-13,0.01225840038834535,0.025380048710927472,0.012194260868488075,0.025184310613009298,0.011959612837487824,0.025414173951388466
2021-05-14,0.0030644430406995215,0.010357147857198244,0.003057506582744065,0.010226432295443967,0.0031911308440653115,0.010248849130652346
2021-05-17,-0.0022864008719363058,-0.010226837315689966,-0.0024045620064279665,-0.009834593952248888,-0.0028514155083298755,-0.010063712240707755
2021-05-18,-0.004497933450960686,-0.009002169787089008,-0.004701302034542166,-0.00898640956799081,-0.005179364163012908,-0.009060709911180053
2021-05-19,-0.0032036706547891648,-0.04104053447782267,-0.002983552970504852,-0.04019268672110091,-0.0027050956708830295,-0.04091742268849158
2021-05-20,0.011754514959417655,0.030102259712729458,0.01179087511038638,0.029532282083941427,0.012078406133184075,0.029981865563882545
2021-05-21,-0.0028422315285635013,-0.019982451988963958,-0.002687240026267445,-0.0195897717288899,-0.00247920127190453,-0.020104518445454637
2021-05-24,0.0007770879165736004,0.03699674762911976,0.0006673083595559969,0.03633306139232246,0.000689893670952174,0.036939401340193245
2021-05-25,-0.00551393186645798,-0.004172522338025834,-0.005494561510262899,-0.004194464530295809,-0.005305674356167649,-0.004161768746740813
2021-05-26,0.001565521096420328,0.013445409802201927,0.0015470449879230474,0.01325577322016787,0.0015999751220732185,0.013485819479166699
2021-05-27,-0.00481681808131312,-0.007954615091079458,-0.004722453235860279,-0.00776528187985972,-0.0044528785614285716,-0.007807622655079949
2021-05-28,0.0002908584537078161,-0.010214132869671527,0.00032095477254644715,-0.00983306635944135,0.0001908653664795865,-0.010205063776767526
2021-06-01,-0.004741643919304665,-0.0019486525456261952,-0.004714363330193576,-0.0018046927619238425,-0.004652572491861554,-0.0018017426736996458
2021-06-02,0.0009777213288845936,0.004369536764328202,0.0009607614270649106,0.004326166945743472,0.0007916925858648682,0.004401552629371612
2021-06-03,0.0049067455701077844,0.010798290126977288,0.0048233629210028975,0.01062882307205868,0.004549824658786183,0.010760766816291867
2021-06-04,0.00584361963055313,-0.0011655270703929993,0.005806495702396569,-0.001125934208095187,0.005808493387754983,-0.0016480266940223202
2021-06-07,-0.004327018490560009,-0.007727817466760064,-0.004354341412186702,-0.007521779330828448,-0.004497427943616851,-0.007651029025578988
2021-06-08,-0.005265701072791286,-0.0005189549788249655,-0.005211979296170615,-0.0004916935224091905,-0.004924620766369788,-0.0005971406158369201
2021-06-09,0.005015252004892077,-0.005157018433485553,0.0050065973807777815,-0.005516128741914526,0.004835886068819791,-0.005838797620622
2021-06-10,0.00818226392623288,-0.008091244529071274,0.008235950677121446,-0.008008589284382625,0.008326682553507507,-0.00821360851739132
2021-06-11,0.0018188428476672827,-0.0020894997029469397,0.001803809514068681,-0.0021135766713386056,0.001796783097451501,-0.0024282213555630776
2021-06-14,0.0003547532797008262,-0.00515717112993138,0.00030867254886083413,-0.005233787482594344,0.00011229349028904297,-0.005230388325277141
2021-06-15,-0.00438052407497229,-0.003380858149710203,-0.004326753608626838,-0.003304113076063288,-0.0042890673426607675,-0.0029907408802737566
2021-06-16,-0.01114839292449444,-0.014757661075686612,-0.01107919373219277,-0.014606628706166021,-0.010981871369970673,-0.014845383911447416
2021-06-17,-0.00012268248566596623,-0.011504611448469808,-7.883683683068827e-05,-0.011538397904769066,-3.7623099657559944e-05,-0.011598961624366194
2021-06-18,-0.010838967396474594,-0.011993317710956086,-0.010842005783843707,-0.011735765257575777,-0.010763416757381706,-0.01144498993611723
2021-06-21,0.009639965001864221,0.001115699206350152,0.009671237275325177,0.0016484933018782537,0.009636856384967505,0.0013328358298184103
2021-06-22,-0.001074898000818129,-0.0006542339702159611,-0.0010556836892456377,-0.0005992264929879492,-0.000992452341459546,-0.00059968378258216
2021-06-23,-0.007030514148044837,0.007262379276025283,-0.007010851371652357,0.007085490212713087,-0.006941477572437784,0.007222812271975616
2021-06-24,0.005777323646054068,0.014150128841059607,0.00577456984106699,0.014044018947642912,0.005902200765525135,0.014218152693075308
2021-06-25,0.01082553424398194,-0.007845449058404676,0.010908602176684082,-0.007707393932425505,0.011042513714187987,-0.008191817028630949
2021-06-28,0.0023117743676500666,0.002046273797905758,0.002224598592729554,0.0019400592668395603,0.0020644440876284066,0.0018316700328264914
2021-06-29,-0.002920159487414484,0.01772389503429553,-0.002872772521169777,0.017335775545242033,-0.0026047623876715737,0.0173275585719859
2021-06-30,0.00749794066329786,0.0038825701742358784,0.007592124280417416,0.0038708901695748144,0.007897745094634515,0.0039578209372999095
2021-07-01,0.0021670626713997374,-0.002021129155638632,0.00211321812193023,-0.0018938497261591057,0.0019014649432961468,-0.0020610964104942676
2021-07-02,0.004372677988184218,0.004768005674839226,0.004414313531902981,0.004769483734418821,0.004550898114851864,0.004880087053608724
2021-07-06,-0.0020583683376056367,-0.0011703824454253268,-0.0017551242986798676,-0.0006858073323971911,-0.0014234212175308722,-0.0005494310362688968
2021-07-07,0.002435087459979088,-0.0002109690623451287,0.002495447258904599,8.799047508924414e-06,0.00250721509286545,0.0005851933327203407
2021-07-08,-0.005348945947385668,-0.012730858777365295,-0.00526394214178681,-0.012380091556875777,-0.0051311101366655195,-0.012107764043800423
2021-07-09,0.006878764554173789,0.018353215830659575,0.00680352328900412,0.01831372839604981,0.006726383323338201,0.01845053439353747
2021-07-12,0.0021098573282341553,0.006667451238634336,0.0021234453432424504,0.0067103771323262125,0.002182619841608821,0.006709306980964465
2021-07-13,-0.002707778102050569,-0.012015326360628933,-0.002776048369466131,-0.011979235102169215,-0.0027277481533212935,-0.012013953887733006
2021-07-14,0.00424734214258756,-0.0005499658206642792,0.004288148557740356,-0.00018679817215088413,0.004279488702921988,0.00025756572015844586
2021-07-15,0.001171710050454102,-0.00559601757559489,0.0012569321329986747,-0.00517574070784638,0.0012964885706467468,-0.004546543731002313
2021-07-16,-0.0014551034846917797,-0.014339091662788486,-0.0013038965188742371,-0.013794129201776325,-0.0012269162635318808,-0.013420724869589885
2021-07-19,-0.014133355131108409,-0.014729578166244255,-0.014097050229894329,-0.014969875462342474,-0.014001526593396879,-0.015549466104338279
2021-07-20,0.004972778293111537,0.013971122940225542,0.004874931866289176,0.014000385380721155,0.004783473825416369,0.013949066593320293
2021-07-21,-0.0012866722829230502,0.013302258100585516,-0.0014380042453101742,0.012300900176069246,-0.001463302811865457,0.011387404033125322
2021-07-22,-9.744858220092481e-06,0.002638292721916415,-0.00014896127920278773,0.002682387971912258,-0.0001398140432677812,0.002940175617555252
2021-07-23,0.010241192250697511,0.008171251486803489,0.010306849643709697,0.008411066038798671,0.010409923458554588,0.008830397366811092
2021-07-26,0.001319253573991015,0.004168616062241606,0.0012098058317842424,0.00413069079400825,0.0010175125704713285,0.00446369940933655
2021-07-27,0.0013141767859430812,-0.004202348773785838,0.0015483956255328579,-0.003963899054448207,0.0017753588368790785,-0.0033747134842318973
2021-07-28,-0.0011392552531128502,0.0031347535843469143,-0.0010910236354659305,0.0028491542890304836,-0.0010487154304201394,0.0024863390917270493
2021-07-29,-0.0007180783495930206,0.00791566861462812,-0.0009565582252439248,0.0075752672139715775,-0.001218078188533152,0.007490634961573697
2021-07-30,-0.0024917990606373895,0.00038810990968781063,-0.0025536330549825776,0.0004401403147108527,-0.00258384158983791,0.0006820101760543696
2021-08-02,-0.0012796820539234465,-0.0013092327222979042,-0.0014130996718504268,-0.001490624264528215,-0.0015892090399240667,-0.0017554249712593397
2021-08-03,0.0003646670748076707,0.007621465336890419,0.0005482001882710272,0.007308223287479979,0.0008732075897419304,0.007235752047319761
2021-08-04,-0.0076988273829773305,-0.002294770225376562,-0.007732188553431839,-0.00238270009503882,-0.007769357827983387,-0.0024818856931175036
2021-08-05,0.004640202411765714,0.006784260905240612,0.004594732061124696,0.006699398522903927,0.00447731349762555,0.006477125413390754
2021-08-06,-0.001003488684092154,0.002658002068630266,-0.0010164018587657054,0.002611113966742621,-0.0010644787025225026,0.0024411917669768268
2021-08-09,0.0012408167838884436,0.009855669047076961,0.0012375347463568665,0.009903487408067246,0.0012625783196160685,0.010222556381096719
2021-08-10,0.004344339450947137,0.014293553462519369,0.004320444509333592,0.014401956020972507,0.0042198600820198395,0.01467673378314106
2021-08-11,0.004638141860364904,0.007367774940292332,0.004595882485451978,0.0073737494427272825,0.004551261533763719,0.007522429324587586
2021-08-12,0.00282112703038872,0.005892206252094905,0.002870905519726927,0.005954468080473059,0.002989298812040886,0.00609700013790711
2021-08-13,0.004360426265263129,0.0031473406192164726,0.004358130664031389,0.0030853601879296784,0.004390323956707659,0.003213001936598974
2021-08-16,0.006524434920601373,-0.0008602248422922778,0.006554019422996893,-0.0008148944737988584,0.0066016795456164835,-0.0008006720350827401
2021-08-17,0.0024919957949202836,-0.010231151732427403,0.002551277694915093,-0.010191438442676663,0.0026853786005672313,-0.01023034511168633
2021-08-18,-0.010806739844642655,-0.0035416448142244765,-0.010818519752988658,-0.0035047799482699126,-0.010822232680652745,-0.003267969079152838
2021-08-19,0.001756181858868211,-0.0013071348704254478,0.0017698402603240945,-0.001350817097199443,0.001853312904055047,-0.0012066446738959152
2021-08-20,0.0039363308833982764,0.010228316095705937,0.003919597828257692,0.010162871425959235,0.003878621713219695,0.010077024383769355
2021-08-23,-0.0013460700774887142,0.007833350034629961,-0.0013396280452421488,0.007814208255641393,-0.0013531944542298378,0.007692703513094294
2021-08-24,-0.005570520215055781,-9.059317767674049e-05,-0.005564317268710841,-3.757110284456519e-05,-0.005608650164493129,-0.00018647809624424991
2021-08-25,-0.0034173068107329068,0.0008848581752289481,-0.003454529482574121,0.0007993953535303462,-0.0035363221556550107,0.0005735067614637371
2021-08-26,-0.006466761203905229,-0.008286994874977334,-0.006462756608950464,-0.008239006828518027,-0.006456643100907813,-0.008252126508690333
2021-08-27,0.00217090540885811,0.01327277936055828,0.002150414469710441,0.013210095628476241,0.002140627839120626,0.013188720567440013
2021-08-30,0.0035590308630845746,0.0008663918237406153,0.003570382530274568,0.0009447047629020462,0.003589029271721381,0.0011191976509475783
2021-08-31,0.0038690402514969958,-0.000669024521676652,0.0038789413181483275,-0.0006974928751761459,0.003941092042102216,-0.0006711777905373412
2021-09-01,0.0002745109530173095,0.0074683216000372135,0.00021117437973528855,0.007430442997730089,0.00016387008829480752,0.00758992990577355
2021-09-02,0.006663916893639602,0.004839279589435472,0.006641962159050177,0.004794689103033949,0.006454902879115045,0.0047051623920414745
2021-09-03,-0.0010835882121710619,-0.00273789895093179,-0.0010781227796364693,-0.002777400660292422,-0.0009830011608824905,-0.0027638849834783767
2021-09-07,-0.015334125245186542,-0.01677962547637456,-0.015246250462003636,-0.016713408098275588,-0.015118477254196159,-0.016846634306324732
2021-09-08,0.005142957475824392,-0.00044208686759088776,0.005105754077007998,-0.00045420842407513845,0.005120560589026785,-0.0002714888525590982
2021-09-09,-0.010989667445126887,-0.006756904370928063,-0.010901067582804238,-0.006674865595812815,-0.010634585593525717,-0.00666721001574486
2021-09-10,-0.007800173124498983,-0.005826846299194487,-0.007780869385806355,-0.005824018101974064,-0.007722260101509754,-0.005868250794743516
2021-09-13,-0.0008941356858918485,-0.004659241218536164,-0.0009397210602281958,-0.004651922090309123,-0.0012097187194280885,-0.004889993093012304
2021-09-14,-0.004799852315031177,-0.009499671101973441,-0.004823989579376621,-0.009511562957435537,-0.004779899458994438,-0.009328400652158973
2021-09-15,0.003669576968246683,0.008535660908704284,0.003630706781825728,0.008432111307882984,0.0034693394780687396,0.008252663319869706
2021-09-16,-0.004814910453678612,-0.007983169201781751,-0.004794392013198586,-0.0079801051547124,-0.004660564544162739,-0.007969450251547605
2021-09-17,-0.008298356839989932,-0.018421202197318243,-0.00826026194658357,-0.01837042980338493,-0.00829805110162359,-0.018282519967027337
2021-09-20,-0.009699961379851475,-0.019762868118406347,-0.009743541000748179,-0.01973694836654012,-0.0098879078901442,-0.019375813902799927
2021-09-21,-0.00452520612178768,-0.006822730372046338,-0.004509369535846056,-0.006795377602117594,-0.0043791678998346475,-0.006693724533647474
2021-09-22,0.0013848322104466106,0.013029898826003992,0.001380540677305647,0.013025070300044649,0.0013910280759938333,0.012860417556915398
2021-09-23,0.003219711923300862,0.006626535447624131,0.00325438227601177,0.006647708739528785,0.003040549548705159,0.006309440058666481
2021-09-24,-0.003296362145606171,-0.00771914509489645,-0.003308496650655231,-0.007825489046022286,-0.0035929460134135295,-0.008297544608945209
2021-09-27,-0.003472935426743593,-0.005788308107055558,-0.003442442515237339,-0.005709035613516995,-0.003756736012476588,-0.006079898387487834
2021-09-28,-0.005596526763578222,-0.007251713915589997,-0.005641272029356622,-0.007331447070621177,-0.005836529696162267,-0.007183052624696785
2021-09-29,0.008810832417142523,0.0018808303385433529,0.008773609017886718,0.001870639126504894,0.008459903763723462,0.0020937682784922243
2021-09-30,-0.009246393087427526,-0.012186735757269326,-0.009211376827433638,-0.012187180261911559,-0.009291771012314726,-0.012140423900410608
2021-10-01,0.013936619223755673,0.009715308938218604,0.013861373654247947,0.009700941987716776,0.012935190066045606,0.009743559283880274
2021-10-04,0.0010447223201155834,-0.0074300673365109956,0.0009634852586417749,-0.007351749396582867,0.000693494380008114,-0.007234828047204624
2021-10-05,0.0018657454406858995,0.007206066906405556,0.001986025433265485,0.007291212413545368,0.0024395314511596483,0.007862863211976694
2021-10-06,0.0034309796131217892,0.008920356248914504,0.0032791429502413137,0.008661668972280897,0.0028923771587475717,0.0077274234424008085
2021-10-07,0.008336684043770377,0.003856429649394314,0.008439499332404583,0.0038215649417802167,0.008680549809389279,0.0037387024739777568
2021-10-08,-0.004423194697386546,-0.0004224866360108741,-0.004333313351682757,-0.00020670931353328236,-0.004048852286493707,0.0005473507157469529
2021-10-11,-0.008340596301064181,-0.003473942747955322,-0.008418734295397657,-0.0037102197307013873,-0.008659420808667299,-0.004562361306650027
2021-10-12,-0.0005979148357462693,0.010625142340129847,-0.0007678004290678003,0.010422013728730582,-0.0012216174691436353,0.009482754533322242
2021-10-13,0.001154267070402739,0.011465104744033274,0.001026267791773281,0.011258357363581524,0.0007114014839915591,0.010590904668183673
2021-10-14,0.009609087203959173,0.020214089580861627,0.009554093360607752,0.020037348587684693,0.009456901020876254,0.019341813273595628
2021-10-15,-0.0009569210937747294,-0.0023879535443451358,-0.000796323160740232,-0.002194032977763381,-0.0002507125713306431,-0.001305227941369799
2021-10-18,-0.0014852397666030074,0.005192933573222416,-0.001518927877907788,0.0051131719760201385,-0.0015192281251390836,0.004801616146884306
2021-10-19,0.01316984449311398,0.00046043187665600785,0.013158315408214265,0.0005106708007443603,0.013024619706331585,0.0007279587581347945
2021-10-20,0.009945192603657666,0.003770289422656821,0.009932141187922175,0.0037318995866231996,0.009806410218334916,0.003693042026401774
2021-10-21,0.0055275167757346,-0.004347515878510756,0.0054759994052016895,-0.004553426687716697,0.0053104193508144,-0.00531329541525039
2021-10-22,0.0033652991696061225,0.01148713382011086,0.003309906378108307,0.011592902681718321,0.0031745936003052927,0.011897202723307977
2021-10-25,0.0041543271040117,0.009353860542277178,0.004214594916521758,0.009335948902281581,0.004373464050943677,0.009338967729295409
2021-10-26,-9.364165971003316e-05,0.007702160955186121,-0.00015821705624968364,0.007660487587261842,-0.000335943531142148,0.007538144704148499
2021-10-27,-0.01037935338661524,-0.02366310344241838,-0.010414635808692067,-0.023753183599117926,-0.010556900875447289,-0.024390175559538704
2021-10-28,0.016102558468373645,0.023112971723328584,0.016067693756946954,0.022966694450989103,0.015875181676047276,0.022539241391388833
2021-10-29,-0.002004888022717361,0.004199352637828836,-0.0020150290511516404,0.004067766284198074,-0.0020835173208179412,0.0037063450770138217
2021-11-01,0.005284722495209136,0.005755014589326687,0.0052642962999846915,0.0059210289150543145,0.005240482879467306,0.006484471417759711
2021-11-02,0.004402177697380864,0.010524347937900469,0.00439293134785316,0.010430751461467169,0.004479852369953413,0.010219859630954474
2021-11-03,-2.2049522033324685e-05,-0.004152942221672995,4.794146124964085e-05,-0.004041262834609108,0.0003634757466126869,-0.003409305388249014
2021-11-04,0.000885075871859961,0.004437049673457615,0.0008827574415682536,0.004642551279768257,0.0010176702960073298,0.005420061540786795
2021-11-05,-0.012383465726243336,-0.019429024990770517,-0.012469266592535114,-0.019392564261452472,-0.013239765337539545,-0.01938987973769033
2021-11-08,0.001719046368753717,0.012495645316210858,0.0018270815000446547,0.012633435646758243,0.0024573013225704073,0.01330825870602908
2021-11-09,0.0008051610055499572,-2.5150753611760433e-05,0.0007693412184995054,-0.00020870685732991785,0.0006273207313603693,-0.0005800919790543514
2021-11-10,0.0005396667025298046,-0.008517914271580794,0.0005725150461993594,-0.008599963436366851,0.0006617301358113527,-0.008927756544614803
2021-11-11,0.002420574462984519,0.007918800866428892,0.002366032171061427,0.00798448356820515,0.002267882507891221,0.00816509694133162
2021-11-12,0.0023205902983798126,0.0022464655275342654,0.0023406768497852928,0.0023213261916096182,0.002456933258379112,0.00252638467592107
2021-11-15,-0.0025767540214397893,0.001412538871967946,-0.0025753159936314626,0.00133178111707008,-0.0025247173693835256,0.001021700565182603
2021-11-16,-0.00496916061520787,-0.006640457207398112,-0.004854088445433123,-0.006454448160296951,-0.004350764392663434,-0.005936173921424999
2021-11-17,-0.003101071485202396,-0.006027390351291409,-0.003240620600913105,-0.006406901639979228,-0.0037857518990210923,-0.007680288722086108
2021-11-18,-0.0019061969919975624,0.0072552423440088625,-0.001910540412522577,0.007393426947023485,-0.0017992450264414203,0.00781277355527861
2021-11-19,-0.008119162935527014,-0.009548384530637713,-0.00807780076568221,-0.009511536619751019,-0.007936273304601518,-0.008971255483998823
2021-11-22,0.003991810918577494,0.0008678545057341287,0.004085220854743407,0.0010113762677844808,0.0043642010442827865,0.0012427006412476758
2021-11-23,0.006381241060029833,0.01108613597471081,0.00636942165435284,0.011148989478874886,0.006337146388440182,0.011039033253387377
2021-11-24,-0.0008671590363272484,0.005081639899995235,-0.0009467128593203639,0.004999627530272794,-0.001084025796649212,0.0046339877474566695
2021-11-26,-0.014710863636624227,-0.031066922648687788,-0.014679659857397914,-0.031052823256007497,-0.014669597861585306,-0.030956521786249847
2021-11-29,-0.0007775851822493154,0.011703997705011498,-0.0008470080356968537,0.01164243456137176,-0.0011479699356662897,0.011434237230821667
2021-11-30,-0.021752375574254395,-0.016160762282563197,-0.021752373064348764,-0.016184225412883425,-0.021570024150725557,-0.01629778364236547
2021-12-01,-0.012725100198490807,-0.010351530317056795,-0.012680909808244729,-0.010444679621914485,-0.01242588501961985,-0.01070568834871305
2021-12-02,0.014099610391772831,0.027973909510851002,0.014343016560431694,0.02800952215808809,0.015210117687514414,0.028271013037033735
2021-12-03,0.008811837955680963,-0.009798369769583504,0.008879546255689784,-0.009706053008930559,0.009206650132849398,-0.009394889170007283
2021-12-06,0.011122373625595445,0.008417841053373253,0.011020855902541652,0.00857920607010311,0.0106134161559201,0.009194555932762126
2021-12-07,0.0032513329761348427,0.019254602707221184,0.0032419205360619146,0.019061267934135335,0.003124127405514616,0.018205482251449075
2021-12-08,0.0007155561788974351,-0.0008184523035918334,0.0007849480955882024,-0.0007068364752278666,0.0010985507038101998,-0.00038916869230939233
2021-12-09,-0.0025279723497627243,-0.009847377191499371,-0.0026692283588957547,-0.009837315792244896,-0.003157871527082327,-0.009821716245402417
2021-12-10,0.007951544087429966,0.004242493810017141,0.007895858250301594,0.004399482159072228,0.007489058732348851,0.004677437866415543
2021-12-13,0.005481979529381995,-0.007990425477709708,0.005430896150700735,-0.007780972669938592,0.004928387206135727,-0.00747266094094707
2021-12-14,-0.00037439547342941814,0.0009199056724797691,-0.0003829605662081667,0.0008223270334880581,-0.0005395807820820727,0.00056129199617269
2021-12-15,0.012800659745097283,0.021959049761018257,0.012791685169514238,0.022003801665629725,0.012594590702015771,0.021516598788053867
2021-12-16,0.01036972753395492,-0.0008348733383223126,0.01058130350966178,-0.0007602250491622803,0.011782138848704353,-0.0001863114904291117
2021-12-17,-0.01245512703432947,-0.015409147034750399,-0.012363522830666988,-0.015437015909445176,-0.011868052416074368,-0.015614285941222692
2021-12-20,0.0014283896483943282,-0.0031479891855710766,0.0016695580217563765,-0.0029443392285798176,0.0023984815484218735,-0.00264895609453465
2021-12-21,0.0031867439301135124,0.00871886137894253,0.00325112129334952,0.008586312325277698,0.003500147470085901,0.008357710957029694
2021-12-22,0.00660936355901094,0.009869109390905252,0.006551618242721329,0.009852632384888952,0.006449006870289902,0.009853639751191414
2021-12-23,0.001748751357517068,0.002455860580043845,0.0017224145719200066,0.0023565938460740833,0.0017764147922360491,0.0024051477781231517
2021-12-27,0.010666317472245545,0.020187266010515632,0.010591727598060449,0.020181410777257238,0.010310803194642278,0.020114211403041076
2021-12-28,0.00432021424508644,-0.0038982043292686156,0.004317040697728025,-0.0038036660754784076,0.004153930970139743,-0.003701554779918028
2021-12-29,0.001229930377987054,0.0003289939349203814,0.0011741508003775443,0.00035159352139505656,0.0010236592042179608,0.00029174018241012994
2021-12-30,0.0005719639742606255,-0.0030247635806164284,0.000628184487063409,-0.0029953797416393756,0.0008410388268595949,-0.0028693576231177535
2021-12-31,-0.0010315058579504438,-0.0008263805505256194,-0.001124627752579613,-0.0007454596918162849,-0.0016329227309046684,-0.0006118224222563636
2022-01-03,0.0024320396347125694,-0.009372324435052985,0.002439592955457426,-0.009076981864891151,0.002499216347482988,-0.008276153895776722
2022-01-04,-0.0002856890144176735,0.0008403119456996204,-0.0003401639227695335,0.000957389609503031,-0.00041858404028676866,0.0014545465239779942
2022-01-05,-0.0019493689237371538,-0.00897017578570871,-0.001994743519646275,-0.00907765202175378,-0.00220039943475278,-0.009408748344800974
2022-01-06,-0.00412454906500903,0.003201785804107495,-0.004076613466252155,0.003347573226198916,-0.003907162148001278,0.00382979373050276
2022-01-07,0.004628881219236601,-0.015527862112078024,0.004595588953579603,-0.015317102611401434,0.004414025311760569,-0.014715050071336111
2022-01-10,-0.0010868694717351755,0.003083810124919142,-0.000989072665619067,0.0030966636189505487,-0.000685006250891306,0.003036326227751322
2022-01-11,0.003682194045958643,0.008415491548725517,0.0037010657097332005,0.008512408238259035,0.0038524477247441715,0.008891639248132115
2022-01-12,0.0011699168596757206,0.01036651394214893,0.00112000869740923,0.010297809310273614,0.0009383281948883767,0.010294468292072123
2022-01-13,-0.0019495947736959081,-0.01378967917609858,-0.0020322721766366176,-0.013883974485355858,-0.002294159176106447,-0.014139759891131285
2022-01-14,-0.0022410155646250852,0.0002459873690855666,-0.0021743638821294466,0.0004308196372031601,-0.0020270938368477593,0.0011048878266143249
2022-01-18,-0.009246658693495495,-0.012157194028617162,-0.009308547311863776,-0.012178037372934708,-0.009542434583533606,-0.012185188020077729
2022-01-19,-0.00017032322375891822,-0.012547586564390322,-0.00024301220296251067,-0.01256872885234296,-0.0004884434013418749,-0.012675715194964769
2022-01-20,-0.01092411637469735,-0.017910942502508808,-0.01094224291054907,-0.017979941713394614,-0.011035522239385328,-0.01824426976578044
2022-01-21,-0.004308973321755328,-0.012581350796558958,-0.00430379102969925,-0.012721421378988176,-0.004334543876705292,-0.013397273859284438
2022-01-24,-0.005064175335727843,-0.0015285160810498543,-0.005049141083681528,-0.0014708651665284109,-0.004966442221729694,-0.0013543889450689612
2022-01-25,-0.005093245292278664,-0.00028895538959336704,-0.005044915163327957,-0.000195924628870691,-0.004852427674475371,0.00018583545500310678
2022-01-26,-0.01607381099051002,-0.008980584175630567,-0.015960563853619176,-0.008897043189913197,-0.015626769835160943,-0.008573031167373103
2022-01-27,0.00034345169462355306,-0.002236162956813724,0.0003128971513318696,-0.0021418866507076266,0.00017344783028325583,-0.0018003284501262409
2022-01-28,0.016247364427780416,0.0325147001216952,0.016274939092380807,0.03233728701670649,0.016322733623363467,0.03173543444286885
2022-01-31,0.010915788021077765,0.006969079965015063,0.010947107191808535,0.007109548680844397,0.011056555840608124,0.007411933681344865
2022-02-01,-0.00417224662266977,0.0055194740024098726,-0.004101087542147167,0.005689767341164901,-0.0037500542096522613,0.006333942244909231
2022-02-02,0.010863932535309123,0.027227982369790033,0.011065261997396391,0.027511464832615625,0.01154020811400591,0.028165032904253488
2022-02-03,-0.006229346307883097,-0.007306025493151206,-0.0061281948128231924,-0.0073558780313898765,-0.005920834083387441,-0.007229168029154712
2022-02-04,-0.0036689117212745296,-0.0019211937216669537,-0.003763820949470299,-0.0021309399602828715,-0.0040180898938687384,-0.0025489400091175413
2022-02-07,-0.00039731452142251125,0.006725821307970506,-0.00042583816691437316,0.006562043700845665,-0.0005346444899698,0.00633993938998386
2022-02-08,-0.0012106857288474283,0.0019755419580298307,-0.0011638373730902824,0.0019287005719538885,-0.0010683846280090585,0.0019704396058774125
2022-02-09,0.005963226644664896,0.019923054570901166,0.005983401986832067,0.01992966135220614,0.005964085828827998,0.020124272024672936
2022-02-10,-0.01629988053666086,-0.017310794038349436,-0.016631109273863125,-0.017531751012908044,-0.01751648665260316,-0.017853926145101597
2022-02-11,-0.0033907555800521206,-0.0063093351538415065,-0.0032109576947312373,-0.0062552590842739455,-0.0026779355264502,-0.00643665148675643
2022-02-14,-0.0075205793114201825,-0.007470559457915917,-0.007579027236602608,-0.007450214254992354,-0.007724261518608768,-0.007343329217554817
2022-02-15,0.0027372926317150614,0.002242855419318295,0.002499462818332442,0.002017703128107435,0.001963505361414378,0.0020030477177544344
2022-02-16,-0.0014697890776975645,0.0014086659193300508,-0.0014432419469545476,0.0013961682639730907,-0.0013235752830251227,0.0013725927213505558
2022-02-17,-0.006401065326132215,-0.015741476071561195,-0.006466852094902182,-0.015730776112636347,-0.006721649478299738,-0.01590139812309285
2022-02-18,-0.005250313193447114,-0.008754936136787196,-0.005198267256776622,-0.008734275317535435,-0.005126100673904173,-0.008611311963126103
2022-02-22,-0.004362213166123926,-0.006258677601718015,-0.004222125628167449,-0.0062368929387524525,-0.003799420139607029,-0.006058719724259507
2022-02-23,-0.0031335580409179295,0.011446274080274078,-0.0030995665552297925,0.01178019923401413,-0.002865100860721868,0.012465052443803935
2022-02-24,-0.0007365405247814338,0.00010022756613646135,-0.0006907630261595275,5.697298758044887e-05,-0.0006228834841651447,0.00018857809093870888
2022-02-25,0.025438110259013425,0.03504489758708412,0.02561975782234157,0.03498688365835115,0.02608102991345508,0.0350383966963182
2022-02-28,-0.004760992982569521,-0.0021409505933727858,-0.004719871379267328,-0.0025086178167607375,-0.004614077509278151,-0.0031636722705269318
2022-03-01,-0.0034321880737507734,0.0027809150338359715,-0.0033859547463137175,0.0029257349694441943,-0.0032591958053298275,0.003300711127474092
2022-03-02,0.01403083892871466,0.019761932655716283,0.014007008814207439,0.019733420777292485,0.013910996335735691,0.019663843178014225
2022-03-03,0.009110794431572497,0.00747010838819416,0.009363430742385763,0.007697396182588105,0.009896485096871944,0.008247191264524657
2022-03-04,0.006398542536030968,0.008536475901182507,0.006337556291959089,0.00857334761258521,0.006138947865497614,0.008579738485009846
2022-03-07,-0.009957976436297013,-0.009378424707997362,-0.010150581497841399,-0.009310791423652114,-0.010717003174569285,-0.009195549382257048
2022-03-08,-0.014460936021349874,-0.020515260224795117,-0.014429684468502759,-0.020542600147846226,-0.01437792558752253,-0.02065405865838228
2022-03-09,0.005373230307090554,0.01013445057094421,0.005453092594520555,0.010092928963457265,0.005758156603088314,0.010086919891353203
2022-03-10,0.0010526973819207574,0.0069759876225512375,0.0010076403209763546,0.0068812874979853654,0.0008671209760319118,0.0066517152794769285
2022-03-11,-0.0057844869773149964,-0.007044518298839832,-0.005801817146008164,-0.007135886130653321,-0.00585209738923006,-0.007233625182093984
2022-03-14,-0.004705534765602711,-0.00969073826290433,-0.004676335973789437,-0.009794566644380333,-0.004620884803264629,-0.010026681904094122
2022-03-15,0.008260159555544336,0.007916348569684862,0.00825960562029528,0.007672237942005201,0.008366062868930638,0.007068764141500764
2022-03-16,0.006605997379785244,0.007289264513309669,0.006679713116029818,0.007347691484829567,0.006984128319625487,0.0074339198756037264
2022-03-17,0.01138504276803225,0.01884751280888965,0.011464852816038885,0.01896213167299887,0.011670029293908252,0.019082954824221163
2022-03-18,0.0035747481432026615,0.007842405370013971,0.0036120182182113724,0.007787340614508745,0.003728915334444766,0.007621974093375691
2022-03-21,0.001974497340732622,0.013510141223108715,0.0019146994257460102,0.013368820339328147,0.0016956749099572375,0.013168748598072518
2022-03-22,0.004720315219064088,0.005784978680713585,0.004738071876000002,0.005768490326588741,0.004795533026393579,0.006088280362994857
2022-03-23,-0.010010184328210207,-0.00032343198524014083,-0.01005097651903236,-0.0004324746168949187,-0.010130247270455865,-0.00056542457438813
2022-03-24,0.006536762315071857,0.018983385451138694,0.006542816510467734,0.01889962915341423,0.00652175016550697,0.018761828382854798
2022-03-25,0.008465146744095346,0.010256028961408476,0.008405954981354461,0.010226181780738952,0.008231160436330699,0.010209836906788628
2022-03-28,0.005964353013735532,0.002912196936101196,0.006000375253914409,0.0031580579904102193,0.006060475065761239,0.0036053124268466295
2022-03-29,0.01281239641747895,0.011270383560831685,0.012864303921285264,0.01161562887713291,0.012969460816858888,0.012377630773453994
2022-03-30,0.0004278276255165567,0.001098910411310901,0.0004201647335740356,0.0010424269628392176,0.0003940145470610822,0.0009663893020361906
2022-03-31,-0.009312263973565233,-0.012182843560307327,-0.009400662504016149,-0.01224873080946471,-0.009678843734574347,-0.01243220161112723
2022-04-01,0.008074500480654254,0.009577739380674188,0.00806274251550073,0.00966918749504519,0.008003173174208112,0.009926754556202958
2022-04-04,0.003495808485538597,-0.003840630739741144,0.0033834342773925645,-0.0039356286601518395,0.003494238315847221,-0.004181345684976232
2022-04-05,-0.004948671363575073,-0.002523114703932455,-0.004805208079234953,-0.002262935877384735,-0.004782816726281485,-0.0014776510735424065
2022-04-06,0.011077092234496808,0.016379457047981997,0.011361857706098061,0.01680466148326896,0.01189601291525828,0.017931866238629267
2022-04-07,0.0032607556206221667,0.01549485527096696,0.0033012866646320326,0.015352108794611496,0.0035218438463734377,0.015536495551475897
2022-04-08,0.0067201013417386,0.005749813423739817,0.0068196779106100055,0.005785560112393011,0.007252800958299223,0.005976855561224259
2022-04-11,-0.013833882746097974,-0.02727571638986285,-0.013891503518516203,-0.02706255799341626,-0.013906008323721273,-0.02672941100386186
2022-04-12,0.002502337485965357,0.0033328161099008763,0.0025268128170810146,0.0032941691974979585,0.002341488155498507,0.002862168593082236
2022-04-13,0.006625781246802623,-0.00904455541575312,0.006445887323312464,-0.009212747444590427,0.005902631620705285,-0.01034284055970502
2022-04-14,0.001161213883501644,0.00657149047715968,0.0011687375433339351,0.006717176753441163,0.0011749641157870329,0.007386021707237395
2022-04-18,-0.004363733732907871,0.0010515769948176695,-0.0043309502931983285,0.0009128733657541989,-0.004278595551719721,0.00017003265246562588
2022-04-19,0.00934060071902216,-0.0037043282143168622,0.00918862210002137,-0.003657672567646878,0.008860174960964206,-0.00399032142633068
2022-04-20,0.003230486355599325,0.005550576764063853,0.0033551602019398856,0.005691302118885622,0.003721934512655038,0.0058716450089305715
2022-04-21,-0.009974745991244005,-0.01570856865178463,-0.010000520797963246,-0.015463908898167763,-0.00992090418128182,-0.014321042806501287
2022-04-22,-0.015557812665470608,-0.02515009813297375,-0.015645136096607094,-0.025155912445907258,-0.015734316105667195,-0.02506263803732188
2022-04-25,-0.00116008921692771,-0.006774485977796012,-0.001208515200761443,-0.006714541048450359,-0.0012059200986075313,-0.006295735380431607
2022-04-26,-0.016005179918733594,-0.010152975325185231,-0.015800174699928563,-0.010014404236571888,-0.015387801557952585,-0.009526424448399226
2022-04-27,-0.0032443261871877124,0.003149424587541376,-0.003211333068039771,0.0031259592270681848,-0.0031852767119566437,0.003301752782265811
2022-04-28,0.015123899589656306,0.01692826835122672,0.015161419210285597,0.01673299777456638,0.015093804531684088,0.01563142910044399
2022-04-29,-0.03194551286643939,-0.05442700240355253,-0.03204906491068993,-0.05458688059631313,-0.03239772905969389,-0.05495655534448218
2022-05-02,0.0023251598947456468,-0.004945303431298216,0.0022142412686600504,-0.005280708126345298,0.002361409811032892,-0.005691512120925899
2022-05-03,0.0027203769939237736,0.005400439219124727,0.002672454847047708,0.005296291891955066,0.0026436340885361807,0.005251373145462247
2022-05-04,0.024367916894259836,0.019397875638655512,0.0243673613756138,0.01958439132205107,0.024380366140232902,0.019795928868121017
2022-05-05,-0.01462401563566315,-0.019536012593205455,-0.014547257970973247,-0.01942671716254462,-0.014486456930146111,-0.01952507964610514
2022-05-06,-0.00574780520858314,0.0029353392680433106,-0.005579223899457916,0.0032406428650498206,-0.00546175536176286,0.0035103799760364757
2022-05-09,-0.013843904927347701,-0.053528335959820976,-0.013893269921544507,-0.0540483752888719,-0.014011901234541727,-0.0554989785387422
2022-05-10,-0.007544237027738737,-0.002969662312464022,-0.007567706155618673,-0.002972051710668536,-0.0077727522629732135,-0.0034298228257273935
2022-05-11,0.0063777254893702855,-0.0012077895348990009,0.006360551598613597,-0.001051432370144991,0.006374350440743939,-0.0007887651091133813
2022-05-12,0.007491022083515991,0.005465687019282508,0.007341763654991697,0.0054369295324062155,0.006665888187379692,0.0052720663569598486
2022-05-13,0.009651790872651765,0.01886679526784759,0.00968350051839877,0.019158215143847388,0.009950944723742652,0.020018970475854294
2022-05-16,0.0060777994273095715,0.00791986867184644,0.006131629818269829,0.008149010941212538,0.006171333333232702,0.008342146719979722
2022-05-17,-0.003930201516714406,0.007073748789584295,-0.00415966305189918,0.007052405100682242,-0.005265038052854713,0.006980793249592057
2022-05-18,-0.02489136395572008,-0.031164026519899374,-0.025049913777096644,-0.031220222063542667,-0.026189766504971457,-0.031640700681205426
2022-05-19,-0.005228199303266949,-1.2198526096966002e-05,-0.005366890644425593,-3.822932744520678e-05,-0.00599544359453956,-4.4111625994173685e-05
2022-05-20,0.003566086983028232,0.0005104194059521291,0.003501604285162883,0.0005709519740245087,0.0031393228080215216,0.0007809739052423788
2022-05-23,0.0166700335832216,0.012968728620521197,0.016795499135965515,0.013224341925025472,0.017559333526548405,0.014021846148057843
2022-05-24,0.00988705151872664,0.0024086709606628023,0.009925515352016226,0.0024485675400777785,0.009962278513800634,0.0025566480418458687
2022-05-25,0.005469691295745725,0.013294741697286382,0.005408828601547176,0.013232594350509464,0.005219838376667768,0.012900045299713739
2022-05-26,0.005391886237041972,0.009284989451301334,0.005467571923378175,0.009390360127790829,0.005954801815468536,0.009789979000114534
2022-05-27,0.010655199165483405,0.017521937944859976,0.010716454494841012,0.017582069353514532,0.010998594745790454,0.0180382534500592
2022-05-31,-0.00911093046494092,-0.015874016845295325,-0.00912485020772035,-0.015852145719652152,-0.009094334593060197,-0.01569113978855067
2022-06-01,-0.004675565350659634,-0.00015882844282000318,-0.00468162755028392,8.453911924726453e-05,-0.004802155810271188,0.0005858074295373712
2022-06-02,0.006290595826852123,0.007037978272960135,0.006310106234357108,0.006953284505930586,0.006687317235682534,0.006939431917179446
2022-06-03,-0.005172867761826388,0.0028278204784738465,-0.005256076163485824,0.0028293477538891484,-0.005592269296598086,0.003219353343007658
2022-06-06,-0.004326342000830506,-0.003189571770046522,-0.004180067398491546,-0.0031330306906538967,-0.0039015465566625716,-0.0031165939973580776
2022-06-07,0.007402487146312419,0.014485141677968261,0.007383446319537893,0.014407314203937862,0.0071046311903948485,0.014616876032080749
2022-06-08,-0.009746767124430426,-0.007122919732595446,-0.009861983004148187,-0.0072943550064308695,-0.009986532189704985,-0.0073653235082550604
2022-06-09,-0.02253825600865811,-0.024797129348761188,-0.02258634698931395,-0.024802760931885316,-0.022620823628289582,-0.024865585905416484
2022-06-10,-0.00933639763360789,-0.01305474920191781,-0.009198733251500321,-0.01288825651844586,-0.008966414273640538,-0.012617558808034652
2022-06-13,-0.033434367423462175,-0.04268292649830207,-0.03366713794342271,-0.04312832578022133,-0.03408342022378697,-0.043974851510328546
2022-06-14,-0.013798726769928323,-0.008429318155523212,-0.01401895229270812,-0.008603556916947532,-0.01423891691600603,-0.008428094204420833
2022-06-15,0.0030052398429776866,-0.004622655548033817,0.0027114228385595024,-0.004872421068969556,0.0020909665839166642,-0.005833204209447994
2022-06-16,-0.008543510044155645,-0.023768858042204955,-0.008570550188790911,-0.024368700586531032,-0.008677630000629724,-0.026327617607049644
2022-06-17,-0.0038204492780470533,-0.022192024844231172,-0.004304405005995033,-0.02259849029795688,-0.005472844057813668,-0.024192131850930967
2022-06-21,0.022632479609137238,0.035933553791530654,0.022487264215453932,0.03576148746953067,0.022205534012020352,0.035801508808517284
2022-06-22,0.0030930203786024096,-0.005465398751484885,0.0030093059081186184,-0.006231511297672061,0.0025825620245211586,-0.00880298618457463
2022-06-23,0.013331595627768759,-0.0006139474716009874,0.01357622671592191,-0.000859818753307571,0.014017165665851745,-0.002345135955707204
2022-06-24,0.013788234334004305,0.01945544502361019,0.013737377794177085,0.01933363051561429,0.013665190652982597,0.019180887967084795
2022-06-27,-0.0030811986425921334,0.011853356733829428,-0.002773363257670455,0.012034819211167825,-0.001989476613566329,0.012635080996259894
2022-06-28,-0.00882460548045933,0.002036959027204467,-0.008442564374741534,0.0025176593205511605,-0.007669950173724344,0.0040789401025059
2022-06-29,0.00045953089861645966,-0.007214695392665804,0.0004022156457050209,-0.007548222495700696,0.000173638765003286,-0.008716860703905203
2022-06-30,-0.007608978970966574,-0.006868382990084367,-0.007198304480661168,-0.006667359500449705,-0.00647421387314485,-0.006563621980036264
2022-07-01,0.01559001882709342,0.0109153375323872,0.0157846499684215,0.011271362153474785,0.01606973321467598,0.012000070151817234
2022-07-05,-0.0039512331101813885,-0.02011031859738794,-0.004583619597415488,-0.020981811659767518,-0.005595278866929093,-0.022920345804238462
2022-07-06,0.0014759512888652723,-0.003728659250170981,0.0015206980666363232,-0.003669266999108868,0.0016290395139470968,-0.0034450669378256697
2022-07-07,0.0026457734817772237,0.0037456134165235423,0.002604535165026312,0.0036590996345833827,0.0025276019390575565,0.003359351545815122
2022-07-08,-0.0028541334444341566,0.0005976397912171225,-0.002885927154868463,0.0006117051092717398,-0.0030106229957640694,0.0006559269053023919
2022-07-11,-0.000242525999431414,6.100494439123883e-05,-0.00016158867909052809,0.00013209896436952692,-3.6313552181532855e-05,0.00032531584833090234
2022-07-12,-0.005807231692446706,-0.008802876445205905,-0.005796496600371456,-0.008707890283864818,-0.005755856731640672,-0.008403026798809566
2022-07-13,-0.0013580936539701342,-0.0023515059113825513,-0.0013716599928814202,-0.0024000197496169876,-0.001421183184447073,-0.0025640717487546314
2022-07-14,-0.004679507915207321,-0.0027764346489087066,-0.004701657647144824,-0.0026965395911450673,-0.004665486127562362,-0.0024535472936863096
2022-07-15,0.010788802286009752,0.016521988117943427,0.010740323996654491,0.016475862192182222,0.010621705029470189,0.016267908634824937
2022-07-18,-0.01211155636832978,-0.012779191749763658,-0.012135829275876612,-0.01283771217912201,-0.012016803013833767,-0.012977898137482558
2022-07-19,0.013773686853058983,0.01095448046429845,0.013708098659287023,0.010835511550881569,0.013573405243795363,0.010513514287496535
2022-07-20,-0.006479571726522768,-0.008861112033384617,-0.006591718533707923,-0.008919513574521209,-0.006705061268458053,-0.009114545580416782
2022-07-21,0.003982543199602995,-0.0034832405876360105,0.004002549018919154,-0.0034424686845954317,0.004189490607998612,-0.0033248109428096126
2022-07-22,-0.0003951528577041635,0.0024510012995790907,-0.0003296693539559786,0.0025415136833571465,-0.00019796920970729506,0.002823175881363203
2022-07-25,-0.0037605536795431195,0.01776758824146031,-0.003803459697989787,0.017677806809316177,-0.004036666290077427,0.01738383327443266
2022-07-26,-0.004435005817990283,0.0008130834860381863,-0.004276977100462391,0.0009094726874912811,-0.004181491676527977,0.0012682874473975009
2022-07-27,0.005907864349400076,0.0026788707366213185,0.005798443379551881,0.002631908756180047,0.0056879021281974005,0.0024624013158447387
2022-07-28,0.007195645012904919,0.00224926229320941,0.007267901848661086,0.0023862511625100287,0.007657588542504793,0.0029195636699915614
2022-07-29,0.0021981842347760855,-0.003250466285479901,0.002173323176237991,-0.0033498521147248255,0.0022129614895436923,-0.0035210822553262307
2022-08-01,-0.00478158175347433,-0.01433224769583946,-0.004767498521666832,-0.014292384175525108,-0.004657471924427929,-0.014053410319797809
2022-08-02,-0.005521033957043709,-0.003965626853071496,-0.005517336851460413,-0.003983358949908627,-0.005536621339225776,-0.004096192411725866
2022-08-03,0.013696771118480125,-0.0037529927197028196,0.013702739739081319,-0.0035656631378846015,0.013600314049431673,-0.0029744476849327527
2022-08-04,-0.007793242278125815,-0.01562564885698463,-0.00776175625286127,-0.015840155671694788,-0.007563710953489428,-0.01677202321583436
2022-08-05,-0.004171333270841172,0.00268823560688611,-0.0041816992263617216,0.0027789687104133732,-0.004268678033674739,0.003083422741196873
2022-08-08,0.004529385512811727,0.007430486295507728,0.004607052497934171,0.007512566902387358,0.004897645744215966,0.007997966002445442
2022-08-09,0.0021593376231547386,0.014423848338740582,0.002255240482183214,0.014415470599562386,0.0023703277159260795,0.014184816096124098
2022-08-10,0.011563876682860437,0.003154211640312505,0.01154636066775426,0.003176220652073031,0.01166923363320788,0.0032927827278723537
2022-08-11,-0.0010648550312885648,0.011972636103428625,-0.0010835484752379607,0.012112719788223673,-0.0011529834273973033,0.01265718651933128
2022-08-12,0.014725654360234666,0.006442111573156561,0.014651858172405814,0.006397117265582035,0.014480649323722597,0.006191664959313097
2022-08-15,0.011193497917833622,-0.006230818922772758,0.011277475923264745,-0.006307387625109427,0.011618596223160917,-0.006594666184032049
2022-08-16,0.01261257923597799,0.0010600196597491444,0.012389178710702305,0.0009929875823533995,0.011894613532904611,0.0007045908548468892
2022-08-17,-0.006181285291827996,-0.0014603867749144617,-0.006122964085000725,-0.0014962974174750811,-0.006127971560635735,-0.0017307184202317476
2022-08-18,-0.0025106569132260143,0.010177485781817408,-0.0025075824098078283,0.010202278094167818,-0.0026660776342887224,0.010163095021356957
2022-08-19,-0.0048040845363971265,0.019898976951554282,-0.004691526482234784,0.020009379381009582,-0.004573863827689175,0.020255592537803
2022-08-22,-0.013820239178551597,-0.014561535585737783,-0.01377722872487916,-0.01456943277996738,-0.01372558706733082,-0.014550138398620148
2022-08-23,-0.004694196603025302,0.012986846783749308,-0.0046746983356444356,0.013108584737164105,-0.004652278183393236,0.013329873387662693
2022-08-24,0.0004209576467490317,0.002042939284802525,0.0004227934477943156,0.0020417335609506284,0.0004314835309703229,0.001904868330271621
2022-08-25,0.006174462292229241,0.004448915649483405,0.006125131076178021,0.004462057273873986,0.006105779590929526,0.004609584831542365
2022-08-26,-0.01848250781721409,-0.013796150534615142,-0.018626286002283804,-0.013820455849515481,-0.019146731123935955,-0.014024773406135008
2022-08-29,-0.0037421491603089785,0.005604381539720684,-0.003704523596147542,0.005588188988601955,-0.003795948583008384,0.005339615665843778
2022-08-30,-0.00831314527107094,-0.01727969277112843,-0.008248327384112929,-0.017290821876555153,-0.007947325139063714,-0.017129245351371915
2022-08-31,-0.0026544471848044347,-0.010132216123341867,-0.0026352310179325778,-0.010161121261668597,-0.002489359402052737,-0.010279142184571939
2022-09-01,0.011557986785363709,0.007620026921550215,0.011651251898324638,0.0075207105156750555,0.011916280550994935,0.007365980751964662
2022-09-02,-0.00923332721448305,-0.0032162442779228983,-0.009170399586041995,-0.0031542111791698735,-0.009122954563540757,-0.003179509970918873
2022-09-06,-0.0024536828587288515,-0.003829722427081598,-0.002456523904984502,-0.003881377463086175,-0.0024891607000159426,-0.003767272239751009
2022-09-07,0.01627876713353293,0.0018269895228367249,0.016302642696846843,0.0017507459564339008,0.016397382202602444,0.0014820317389585154
2022-09-08,0.002695357098941506,0.0029499764319598104,0.002653323498484062,0.002932662083336414,0.002743514319181216,0.003152204592424747
2022-09-09,0.009221079260598435,0.011786077582677527,0.009216398574077467,0.011828285380460905,0.009185632035101464,0.011918722169353229
2022-09-12,0.008569218503199826,0.010221960664134954,0.008580319474404064,0.010250393132075665,0.008577534507214359,0.010206080305590136
2022-09-13,-0.030107943450199327,-0.023647522672062646,-0.03009632539725942,-0.023635106224481638,-0.030150442283097732,-0.023670030741809418
2022-09-14,0.00621416581500343,0.0182025861573904,0.006193689533913648,0.01824750911730863,0.005939683674769205,0.018160294903042985
2022-09-15,-0.010350504684990498,-0.00910635917081201,-0.010371542512448668,-0.00916834942135421,-0.01018061297061402,-0.008560948625874622
2022-09-16,0.0007587843372074394,-0.0032759167056612285,0.0008029997276515922,-0.0033326680493289576,0.0009452841496368723,-0.0032032910081006573
2022-09-19,0.003655929092628641,0.0007547772149432694,0.003659459096172688,0.00076182647343912,0.0036972279508525586,0.00045978755072228675
2022-09-20,-0.013398685289215955,-0.00782440293393858,-0.013396043962012587,-0.007816062784002107,-0.01341117920217549,-0.0077191539247646246
2022-09-21,-0.012844028574417791,-0.0138337161331745,-0.012796608675383762,-0.013844840636568732,-0.012615390284277803,-0.01380108445089064
2022-09-22,0.003201578684725956,0.0030764870668076776,0.003162099880592422,0.0030331552724497945,0.002946524345134526,0.0033035837097370557
2022-09-23,-0.016937027747015016,-0.027598549237436223,-0.016974281240636758,-0.02773058009177278,-0.016994794189673767,-0.027623441675667857
2022-09-26,-0.010409491733148337,-0.017779046499387784,-0.010418833873079025,-0.017782707080988655,-0.010041642777442863,-0.01761932360142422
2022-09-27,-0.0055803614856256645,-0.000711974095658873,-0.005614874781929039,-0.0006829283909681439,-0.005508919360481012,-0.0003595890287817907
2022-09-28,0.022300179984926744,0.02806054934384471,0.022313213399153178,0.028126050410044297,0.022419506966569705,0.02828349964588693
2022-09-29,-0.015883226108903338,-0.013154642264197963,-0.015890602449542865,-0.01308667043232092,-0.01546409045979591,-0.012641602657122646
2022-09-30,-0.01643498296237257,-0.02944386930956886,-0.01638525085408834,-0.02936726038087733,-0.016291601229704546,-0.029838720248359544
2022-10-03,0.026620944064525653,0.03804903305873166,0.026634916590395505,0.03810526723923785,0.026550312202089605,0.03819782076557491
2022-10-04,0.02060926230848502,0.02957686252327126,0.020614654555707518,0.029592718928180394,0.020711356554486027,0.029570080006045735
2022-10-05,-0.0037363681199260347,0.009539976214909235,-0.0038050998869076117,0.009543357293032644,-0.0038135652812067208,0.009592262894756731
2022-10-06,-0.008141682922832315,-0.0024373533496564004,-0.008093952805346166,-0.002347662034333795,-0.007744192007976305,-0.0026246940625417377
2022-10-07,-0.013149612725625695,-0.011158926414472704,-0.013169147509305434,-0.011159189205163258,-0.01326186394096266,-0.011138840006496177
2022-10-10,0.0020900308749851474,-0.016801051115869235,0.0019141843523124054,-0.016862964394754706,0.0015471795516876544,-0.016614592951175337
2022-10-11,0.01546273481482956,0.007492961241106949,0.015246524635827466,0.0074228223487668304,0.014605328594674085,0.007732984078212083
2022-10-12,-0.00382423121178196,-0.0039950681463717915,-0.003828751184626067,-0.003960861283031586,-0.0036840702848657397,-0.004033374893248563
2022-10-13,0.018866837396503695,0.03780526377519577,0.018777426764170962,0.037834216405686655,0.018624085748982486,0.037710426077889776
2022-10-14,-0.011545320820390892,-0.0106565412559,-0.011672460976709704,-0.010707019130049667,-0.011693559941837212,-0.010527894272459606
2022-10-17,0.012050095643807554,0.009975872401724208,0.012128453478308435,0.009974841359900868,0.012085712349721799,0.009986555509383918
2022-10-18,0.010526978105215006,0.004727169099081714,0.010658752493057245,0.0047419837216018355,0.010919542446947763,0.004665687757868349
2022-10-19,-0.007816894327997445,0.002260048406594426,-0.007778828773064954,0.002317267157905079,-0.007725831266108927,0.00209743668280606
2022-10-20,-0.0027096841676720706,0.0004763147821206917,-0.002722628749323872,0.00048745425964099903,-0.002650565731276286,0.0004969415919630786
2022-10-21,0.02008854418099714,0.0287081693440093,0.019968645952995506,0.028710346099798285,0.019782193195169412,0.028764707533446066
2022-10-24,0.017962948898501717,0.013001956519991267,0.01788496227556406,0.012942983479278374,0.01760782221732644,0.013193390550247125
2022-10-25,0.008588618807305382,-0.0001301810736397086,0.008730209590916927,-9.971302603662031e-05,0.008942466977231148,-0.000250820625143075
2022-10-26,0.012098347066870047,0.015981117536959504,0.0119675544920574,0.01597338968611149,0.011688126722087754,0.016032150296194824
2022-10-27,0.0015753997152172137,0.0022386910858776666,0.001596119478586647,0.0022197787868249363,0.0015738864945264478,0.00230707770760208
2022-10-28,0.023593006295988563,-0.017137802708106373,0.023430168901745516,-0.017044133952947585,0.02297705394029407,-0.0174916984323112
2022-10-31,-0.0073103269685429115,-0.0023205065254379145,-0.007321637040197894,-0.0022932106914791547,-0.007564549825358393,-0.0023929814822531885
2022-11-01,-1.2846640482382689e-06,0.006731456068094863,-2.8522281202869945e-05,0.006747384142820986,-0.00013431619700433615,0.006706168538725464
2022-11-02,-0.011282422964824164,-0.017638562222178314,-0.011186829243442392,-0.0176236044736983,-0.010988606900500351,-0.01744148038871254
2022-11-03,-0.004826712199027736,0.0020137913703012537,-0.00478617393261073,0.0019872347340999844,-0.004835348168808687,0.0016666248407027644
2022-11-04,0.01474207870149034,0.01087939123236705,0.014606644353851067,0.010875878026058845,0.014389446379219399,0.010834787338129185
2022-11-07,0.013688577476601916,0.022282342237335613,0.013697830303437164,0.022291169300172265,0.013858335231844422,0.022403776078031366
2022-11-08,0.010601624215375983,0.020535041178385904,0.010558773700689507,0.020584942652864487,0.010753507509303414,0.021201033491392445
2022-11-09,-0.012712120000869468,-0.025527394173965,-0.01266281548161603,-0.025462579331709805,-0.012442120391429987,-0.024674861257257305
2022-11-10,0.022709076348218796,0.012840798169615359,0.022586353188151744,0.012821976831967483,0.022168027679007767,0.01259197522967028
2022-11-11,-0.00496925342645321,0.00593526188234299,-0.005037509802310483,0.00586907203244268,-0.005480061097280552,0.005069542933962792
2022-11-14,-0.002043514860985962,0.0022764279538259467,-0.0019679711222853253,0.0022856030648121324,-0.00154651842502717,0.0023999446533514153
2022-11-15,0.006863457716766156,0.0030171477954808773,0.006818053437000907,0.003003474908179472,0.0064136241688570435,0.0028380538050231958
2022-11-16,-0.0007934186590993551,-0.005531744644819386,-0.0007570713781357408,-0.005504945290485957,-0.0006150856521489125,-0.00517854884923151
2022-11-17,0.00445958499035129,0.0055204549215149504,0.0044865291607488,0.005533076436058062,0.004669752001910431,0.005683228100192994
2022-11-18,0.008382151755330376,0.0010848923666068738,0.008390172856281762,0.0011014252507887195,0.00842715109649836,0.0013018523633779758
2022-11-21,0.0035981890723885963,-0.0007038349168885569,0.00358935348293917,-0.0006767708540419808,0.003598076551094702,-0.0003480296756701063
2022-11-22,0.00930128704675439,0.014682585932085,0.009286588166670849,0.014644469877123433,0.00925450303036051,0.014179226094720703
2022-11-23,-0.0010015177199439388,-0.009048431353665202,-0.0009946344770888143,-0.009045420945838828,-0.0010223737834461231,-0.009008393186883222
2022-11-25,0.0007285445407558567,-0.0007279014685732978,0.0007481028812650397,-0.0007176271442776292,0.0007906071147265066,-0.0005939897708048165
2022-11-28,-0.009951752428331847,-0.01478185899803411,-0.009875445323019101,-0.014749793740512161,-0.009596630577095418,-0.014359712594626598
2022-11-29,0.0030649032782181407,0.0031267529448842125,0.002997669119788846,0.00311092059884024,0.0028473974522336292,0.0029206916176387782
2022-11-30,0.0172352007980321,0.013950437344331714,0.017231904948726368,0.013962926531521955,0.017276644225857094,0.014114168591883301
2022-12-01,0.0019567469570085836,-0.002273411074742648,0.0019257146043490712,-0.0022652478568087613,0.0018484047070520195,-0.0021667469084289824
2022-12-02,0.002818277176717208,-0.0006998239864448048,0.002798045368355132,-0.00072900024513823,0.002738116410804176,-0.0008382552482926439
2022-12-05,-0.00808480280853626,-0.00781430134225797,-0.00810296170919748,-0.007882599004038775,-0.00818531782734997,-0.008144594943080225
2022-12-06,-0.0109487482061956,-0.013191528721818295,-0.010917539665102135,-0.013252267818562619,-0.01089246384595425,-0.013481677986239093
2022-12-07,0.003250336205093146,0.006235134683223278,0.0032672912196103953,0.006206992765668496,0.0032564178281572756,0.006095400545620787
2022-12-08,0.0042439461365104654,0.0021351815191296038,0.004251082228168305,0.00214981305504098,0.004255281972890518,0.0021905831065646337
2022-12-09,-0.01634953352288592,-0.017934528918253877,-0.01633832552140922,-0.017910312667910485,-0.01638673047735878,-0.017817010344659184
2022-12-12,0.0061540982082274815,0.006032304603190832,0.006174245942287373,0.006096310355022197,0.006284859832470682,0.006340218617216856
2022-12-13,0.0037335193558085448,0.004481285165108452,0.003743066556803052,0.004500156854494922,0.003764691827199491,0.004564818845606132
2022-12-14,0.0001087155022669749,0.002611023312553938,9.550715585428493e-05,0.002570081935969453,4.925941508635343e-05,0.0024182552414062364
2022-12-15,-0.015541409083140556,-0.015030604655771714,-0.015495708660043267,-0.015009328925276113,-0.015393495211731757,-0.014928289258011582
2022-12-16,-0.005767900419254411,-0.0026120189600556567,-0.005804708273780795,-0.002636654330260636,-0.0059019180748269605,-0.0027229677959006047
2022-12-19,-0.001350859515713815,-3.071589586001253e-05,-0.0013250141447737843,-2.1379431352536328e-05,-0.0012491549494756187,1.2032201341650373e-05
2022-12-20,0.0011769194701866065,0.0016091331315620987,0.0011850458818060171,0.0016385196503740222,0.0012668383526060964,0.0017460498352573457
2022-12-21,0.011564234177123964,0.011478322481525888,0.011569721927446262,0.011495679833685164,0.011565415804289422,0.01156039947746705
2022-12-22,-0.004822391312742696,-0.0065968210333021225,-0.004844451128831934,-0.006656163723942489,-0.004917918538506873,-0.006885367295977837
2022-12-23,0.004647399863102334,0.00838914705530547,0.004690451973169678,0.008465594733005129,0.004805787821974664,0.008754945975755513
2022-12-27,0.0011815221059651257,0.0034477519315440634,0.0011948370128068368,0.0034737535219007583,0.0012672801388210221,0.00357433375574197
2022-12-28,-0.010228533599508904,-0.012221303170358,-0.010241484621405722,-0.012259555409829193,-0.010291971288193098,-0.012406224334752147
2022-12-29,0.006466248033052016,0.0024291387671573706,0.006462365403726571,0.0024416851887791306,0.006437904873054969,0.0024897599608755656
2022-12-30,8.237112528878183e-05,0.0024611216399222247,7.163576347696424e-05,0.0024894228365545615,5.3266922893856566e-05,0.0025980791294871585
2023-01-03,-0.00020782217052583887,-0.008453732741469168,-0.00023269113018487995,-0.008541907928620956,-0.0003336275722947068,-0.0088773449532385
2023-01-04,0.00878015416264336,0.006663809757281361,0.008720827121135293,0.006636979221193663,0.008675030421716377,0.006614470614203009
2023-01-05,0.0017808068311230233,0.015929304577975742,0.0018384247681460736,0.015960658006147505,0.0022215518717542855,0.015986960946583476
2023-01-06,0.014828137880803423,0.01277245005123453,0.014897414066141925,0.012792707577919716,0.015023571857022482,0.012809701972113834
2023-01-09,-0.016650198176808486,-0.029949031629801257,-0.016721912554949942,-0.029832933314691713,-0.017145991107772728,-0.029735536403264675
2023-01-10,0.002041157237984372,0.006155665135881366,0.002057382859450604,0.006182507938169092,0.0022079928101850885,0.0062050268354894005
2023-01-11,0.0028646442884863337,0.003771005515232891,0.0028327449202362794,0.0037946824755767175,0.0026096208330821493,0.003814545492600862
2023-01-12,-0.002454670656882272,0.009900579635440346,-0.002423353608601269,0.009959681422989856,-0.0023472360848408283,0.010009262948458515
2023-01-13,0.0025469240265557636,0.0022191828306764145,0.00256188731562428,0.0021901600714824047,0.002646841893988697,0.00216581237010535
2023-01-17,-0.006836764026386326,-0.012281667679554888,-0.006787500817104596,-0.012232035629938198,-0.0068560123851364625,-0.01219039843360196
2023-01-18,-0.017289881169145323,-0.015261716221867228,-0.017323609845482646,-0.01526303041770062,-0.017329554650449074,-0.01526413291961908
2023-01-19,-0.0013470322930138163,0.009791502109337841,-0.001323578962155592,0.009796195876430044,-0.0011584337733438553,0.009800133559914846
2023-01-20,0.008739407679737743,0.00590285786143669,0.008677521662801673,0.00597988928931994,0.008492905195970563,0.006044512304320627
2023-01-23,0.002639009299533449,-0.0022503597793011158,0.002557309460327948,-0.002270317907087594,0.0022734288571039075,-0.0022870611302999557
2023-01-24,-0.002886045916268607,-0.009531975675900691,-0.0029100567428811687,-0.009495355475773945,-0.003093032507920028,-0.009464634148037353
2023-01-25,-0.0015584025039867006,-0.0008394060872818868,-0.0015851711854131777,-0.0008535849252877673,-0.001684849116623534,-0.0008654798010071652
2023-01-26,-0.0003670184365924772,0.0011904917789037003,-0.0003486184707195054,0.0014293862003429319,-0.00044259563182174504,0.001629798917652012
2023-01-27,-0.005917328038921499,-0.014028888449027865,-0.006015125741431457,-0.014035179405531256,-0.006348417503095482,-0.014040456999207035
2023-01-30,-0.0035304040371666456,-0.002772875925090188,-0.003567215207536445,-0.0029009569427635266,-0.003610896580924422,-0.003008406353398436
2023-01-31,0.007605073900049627,0.0138543537991495,0.007621596940955429,0.013879700117781283,0.007636105846393794,0.013900963588733562
2023-02-01,-0.015888351927843533,-0.007476888801160842,-0.015687618553574142,-0.0075157513784255255,-0.015523891614940201,-0.007548353875648225
2023-02-02,-0.012465837317080682,-0.030075615018487187,-0.01252027794319802,-0.030053574502480012,-0.012726001364997132,-0.03003508432729511
2023-02-03,-0.00975231678474262,-0.003668619381030725,-0.009723975056282114,-0.003667380294557923,-0.009501005670484265,-0.0035880045600259515
2023-02-06,-0.0019201590694990424,-0.002872272293170315,-0.001858354169247418,-0.0026343862402654736,-0.0015680485796682976,-0.001488664153135069
2023-02-07,0.008847326354554328,0.012759263188710705,0.008821559177352866,0.012907927271878849,0.008677678438640004,0.01344358369300553
2023-02-08,-0.007127012821803312,0.002315338829269248,-0.007131699958249683,0.002366179174840288,-0.007022730854887561,0.00265509973245854
2023-02-09,-0.001403594690294783,-0.004359068649456922,-0.0013884268160173723,-0.004282613053682319,-0.001253083595103726,-0.003913202571358741
2023-02-10,0.011915214863719922,0.016986811396820047,0.011952101942365895,0.01706432537472545,0.012126410010584513,0.0173347244943206
2023-02-13,0.008285461928994178,0.009444964585679323,0.008262025523385763,0.00937585675069685,0.008218050596518046,0.009124688358934803
2023-02-14,-0.006584204345955086,0.0017181933194324814,-0.006570756655637928,0.0015820716529072161,-0.006511450128318491,0.0008829052856868841
2023-02-15,0.0004268030131394608,-0.011739160640416442,0.0003703576541362343,-0.011766625914672221,9.718722424987411e-05,-0.011817490939193771
2023-02-16,-0.013220464320827593,-0.008073866409782129,-0.01321571475294103,-0.00812011667906626,-0.013264897986087898,-0.008361146931159472
2023-02-17,0.01409891106584104,0.009553964770278223,0.014145839791311185,0.009699684345648798,0.014531743196759504,0.010576106112778897
2023-02-21,-0.005210073903929869,-0.010248278659420169,-0.005219383129160376,-0.010141383550983193,-0.0052417444046751974,-0.00963192245220283
2023-02-22,-0.00442255361995645,-0.003521059654312443,-0.004416996318983051,-0.0035318889629974274,-0.004417161383927604,-0.003510311266582251
2023-02-23,0.0026543437831840354,0.004725759720207163,0.0026869149993256182,0.0047925426813439365,0.002893413606986511,0.0051564462579139535
2023-02-24,-0.00697875592790263,-0.005726573418458738,-0.006974409048467536,-0.005742524069072113,-0.0069855593708911595,-0.00585044175160228
2023-02-27,-0.00025035362022988994,-0.0007702522706288386,-0.000256313751822352,-0.0008361759988445109,-0.0002834828848232886,-0.0011325281392968337
2023-02-28,-0.010431057091907716,-0.013469616214772304,-0.010488060250469467,-0.013669971470658139,-0.010768070491158258,-0.014630023215090661
2023-03-01,0.00031769777507552555,0.006083542808507587,0.0003494542668845019,0.00601517669862647,0.0005999265620277381,0.0057007800527617124
2023-03-02,0.0063673649160104874,0.007528850786995525,0.006341840849489912,0.007414138341836,0.00609525942478932,0.00692606145490158
2023-03-03,0.003817024093766976,0.006162912917196514,0.0038281412175546255,0.006104707875406434,0.0037610926202545393,0.005789952887639546
2023-03-06,0.009085966987883836,0.019004508465843305,0.009135323692180551,0.01923320584333476,0.009442196676721323,0.020376363516092278
2023-03-07,-0.011116531496564028,-0.004795270301374272,-0.011135575828268908,-0.004793705367259935,-0.01114373633153563,-0.004805615548467943
2023-03-08,-0.0065190028206430885,-0.019538789259575945,-0.006543610874870059,-0.01953861157675907,-0.006642431902980726,-0.019506492623898107
2023-03-09,-0.01166509012434528,-0.009004360702135174,-0.011667700732183288,-0.009005434881819685,-0.01176750330227859,-0.009032299279922709
2023-03-10,-0.0029354642303284256,-0.0023153536721556636,-0.0029147939707313076,-0.0023161702352241125,-0.00287956729760304,-0.002369691143888038
2023-03-13,0.006662724999684061,-0.014815296220277668,0.0066606506883324125,-0.014813959858234606,0.0066488958534903966,-0.014815838629077814
2023-03-14,0.006768685062292676,0.014953859383881126,0.0067671633303294995,0.014955702199536146,0.00680657639459796,0.014954494401071581
2023-03-15,0.004234924528002182,-0.007468292012724119,0.004231772146145295,-0.007455554728343633,0.004093442701194012,-0.007466305536749626
2023-03-16,0.0014422611819011467,-0.0017754690891271646,0.0014346876916100874,-0.0017744199236107803,0.0014903886729338513,-0.0017640491843493725
2023-03-17,-0.013127536538675844,-0.027021309701142367,-0.013196710941497596,-0.027024655931372148,-0.013512651241585079,-0.02702115924292822
2023-03-20,0.013352816674422315,0.02054174387695017,0.013376399597219181,0.020540287737320303,0.013444058355774714,0.020539257519342602
2023-03-21,-0.00122997160251349,0.006118071629512259,-0.0012316853464095178,0.006108877665843008,-0.0010886480461822234,0.006090381719028109
2023-03-22,-0.014828077034136734,-0.014261576126170116,-0.014850300407072248,-0.014259306617401612,-0.015026788855302925,-0.014265241062923982
2023-03-23,0.005808793006316098,-0.0016207826978248483,0.005803437666544415,-0.0016182868700417863,0.005953288532808619,-0.0016019569019827225
2023-03-24,0.016372006034224104,0.005789434777923433,0.01637880450362609,0.005788664746914108,0.01642655702393542,0.005785307288475786
2023-03-27,0.005118824483670805,0.01671968830682598,0.00510312460072166,0.01671710183075351,0.004946381129175007,0.016693310822281964
2023-03-28,-0.000730406194363576,-0.0035491100970149805,-0.0007227661389065279,-0.0035507385111817596,-0.0007276453689275893,-0.0035631800399139957
2023-03-29,0.006621219835214102,0.00032574718226037355,0.006613218850816375,0.0003224205530181709,0.006605755584688317,0.000318135213100918
2023-03-30,0.004702141907901319,0.007547502697458762,0.004703776871503123,0.007547624067579909,0.0046995686410086,0.007554169970564056
2023-03-31,0.0069488057643918725,0.006679569047039203,0.0069344290033530424,0.0066812069836525954,0.006931430003861606,0.006702343194562751
2023-04-03,0.01068353588754398,0.025949464836352347,0.010711123075058372,0.02594062687603888,0.010842481816748593,0.0258747947955764
2023-04-04,0.005699287332064743,-0.006354154432431337,0.005717943294599385,-0.006353950151908127,0.005987658117243371,-0.00641580839461919
2023-04-05,0.015007089620146827,0.02033722340681559,0.015066700837589358,0.020379771051109018,0.015501206092648412,0.020696368543612592
2023-04-06,0.0003267937316540456,-0.003306130257825029,0.00034260012333998176,-0.003318017797223832,0.0004749156629594189,-0.0032669498112430644
2023-04-10,-0.001318677812269843,-0.0022355035840897004,-0.001336750683625996,-0.0022553058644402065,-0.0014651711851104087,-0.00236631567886034
2023-04-11,-0.0007238178501515482,0.00037915148505650504,-0.0007185666686946917,0.00039647784925164747,-0.0006639618327357292,0.0004466517799434838
2023-04-12,0.0010267816544398186,0.0030450600322701016,0.001032759121023615,0.003041266781736937,0.0010776214703392636,0.003056075123495561
2023-04-13,0.008973565628228163,0.01200356726669923,0.008971361754265234,0.01200988269067783,0.009041873665704166,0.012124219130422971
2023-04-14,-0.004510816847370563,-0.0006480397448611493,-0.004518792884200197,-0.0006646903807889465,-0.004506225178240222,-0.0008064100967107997
2023-04-17,0.0004902703658925712,9.026430210928353e-05,0.00045626483101272457,5.205186075777913e-05,0.00021424140573788746,-8.850246204127942e-05
2023-04-18,-0.0020448224273244865,0.005053875474128551,-0.002089652855749577,0.00505283033798226,-0.0022619443302698407,0.00490332999449338
2023-04-19,-0.0004102828377050593,-0.0014409089204862557,-0.00039216684160849925,-0.0014548214932862665,-0.0003542660757860753,-0.0015310489142316948
2023-04-20,-0.00512982259228356,0.0013208078851620639,-0.005068040780297869,0.0012985302814856328,-0.004718846077494163,0.0012408471220620044
2023-04-21,0.005667361018755229,0.011886570920196586,0.005649066564173123,0.011898409593550903,0.005540841644576481,0.012063226087311177
2023-04-24,0.0016160631208104012,0.006689062437127111,0.0016633702929241439,0.006705764289220671,0.0019518392223358033,0.006697650454977326
2023-04-25,-0.00015722029041216756,-0.006067750379494919,-0.00014024699040153263,-0.006060703467342492,-5.089628570730758e-05,-0.0059333142337847965
2023-04-26,-0.019302531790219544,-0.021281274684445958,-0.019309555295470373,-0.021262877944421176,-0.01931509227548245,-0.021258748393540323
2023-04-27,0.0050554856317440245,0.009257103299249933,0.00499708391456675,0.009244462424121986,0.004554656178056185,0.009133247774894195
2023-04-28,0.0037199765304066768,-0.0008367238778733922,0.0037159984275415745,-0.0008348187453973638,0.0036320665134269015,-0.0009575284857429104
2023-05-01,0.0008541871169089691,-0.004502981648147283,0.0008687417112819872,-0.004582101608893877,0.0010501132695147307,-0.004851109575618276
2023-05-02,-0.0073217923469707565,-0.0060341103492228465,-0.007299193229451529,-0.0060944301071577224,-0.0070186218995223265,-0.006165545969530032
2023-05-03,-0.008806397514183282,-0.0065093655952491655,-0.008852320608279894,-0.006541773611874936,-0.00910088933290861,-0.006628910196486756
2023-05-04,0.00033806314581986095,-0.01189550175414593,0.0003661740162176335,-0.011883167065650384,0.0004282004485779002,-0.011745260456631252
2023-05-05,0.010618541079863507,0.007289524082945321,0.010637413365650376,0.007312524652706806,0.01071729717021045,0.007254269995377815
2023-05-08,-0.0001664716913571693,0.004274756278357844,-0.0001848541912430614,0.00432859618763434,-0.0002872669483080566,0.004462016456554276
2023-05-09,-0.004817627925180877,-0.0040044293902192956,-0.004826006195126511,-0.003909755753650486,-0.004864108813386397,-0.003724338440072138
2023-05-10,-0.0004829524415840532,-0.003269871824073256,-0.0004788016449004448,-0.003495468172838921,-0.0004480739320545232,-0.003968618464381011
2023-05-11,-0.0013097127479036851,-0.001607794076168245,-0.0013504705105434904,-0.0015763184852171184,-0.0015965909515939008,-0.0014778243675432042
2023-05-12,0.0015459412174564891,-0.004399448836435738,0.0015460928898257621,-0.004461957566253402,0.00152206425496155,-0.004639582832959259
2023-05-15,-0.0032431978550931627,0.008026357097607408,-0.0032290451677785123,0.008508761174240558,-0.003155472256478032,0.00946389937163174
2023-05-16,-0.014650779811639803,-0.005102137709075983,-0.014696487888712601,-0.00516223344925987,-0.014876448414724982,-0.005231056936288192
2023-05-17,-0.0011825809036973016,0.0026100765294316875,-0.0011769271844306011,0.003012803068055745,-0.0012345158031552461,0.0037858875322052715
2023-05-18,-0.00012001475777637086,-0.0013431548491334199,-0.0001760103338473256,-0.0012280398529925564,-0.0004626314184985382,-0.001095791268272613
2023-05-19,0.0007585655513095711,0.007204035474158792,0.0008007589841285879,0.007130663064264508,0.0011102553399916786,0.0071253464389912525
2023-05-22,-0.005561133318803756,-0.005482626610483921,-0.005527725665447289,-0.00530151855145255,-0.005258321301695677,-0.0048301326517986645
2023-05-23,-0.0038051356295283074,-0.01647226966431132,-0.003799030751230353,-0.01667646537073111,-0.0038730193071276455,-0.017020062725448058
2023-05-24,-0.00658213427855857,-0.0009246557989948261,-0.006599193688434297,-0.0010396782059891676,-0.00664336842650081,-0.0012231463739142826
2023-05-25,-0.012500566369902127,-0.006273203904334621,-0.012515898410422218,-0.006039274706017892,-0.012653011727192971,-0.005551421780282592
2023-05-26,-0.0006447607068730085,-0.0021228706811914876,-0.0006818304190742201,-0.0018475411540788385,-0.000921130191335074,-0.0013324794552634356
2023-05-30,-0.0037305679832977915,-0.011289823599371971,-0.0037307784894069886,-0.011136020571296996,-0.00376212231682395,-0.010858764100082212
2023-05-31,0.0073424498375692015,0.0035634213818774886,0.007356062723895829,0.003330615901021545,0.007530645054729196,0.002908337227380568
2023-06-01,-0.005331225910849436,0.012079665144186338,-0.005375059597350311,0.012463323125688146,-0.005814133455515003,0.013290467217413674
2023-06-02,0.012161603781747715,0.014123845236774448,0.012210065548962225,0.01405241947001473,0.012444028566971799,0.013875333350327724
2023-06-05,0.003466402599953439,-0.0025498788654467154,0.003491596530864279,-0.00282248393953778,0.003702696835075264,-0.0033940779106843982
2023-06-06,-0.006689160009603049,-0.0063589859073359895,-0.006673176149298512,-0.006344190275626519,-0.006667351647571726,-0.0061780877586365916
2023-06-07,0.0003547686003421327,-0.008202238530511883,0.0003765024714041258,-0.00816507100623662,0.00040883912002149663,-0.008169958802918615
2023-06-08,0.006515378453478098,0.011187539028138965,0.0065039393572495175,0.011162916921729792,0.006488846526298324,0.011109900063413782
2023-06-09,0.0003044799221792199,0.0050971539419683316,0.000279899124676253,0.0050725407885627415,0.0001755762410308033,0.005137037617663796
2023-06-12,-0.002502062756343494,-0.001015999938560561,-0.002506511383135442,-0.001015448748465298,-0.0025473170686749168,-0.0010423312199207679
2023-06-13,0.0059056755983482746,0.005437396422955153,0.005908790880905056,0.00546471037563348,0.005928064340931375,0.0053240254912679886
2023-06-14,0.002053514149091935,-0.009651833166319568,0.002027661425085215,-0.009602675752290199,0.001891749061336541,-0.010010802902076326
2023-06-15,0.009533081592099318,0.004835718709159709,0.009521134636154237,0.004838890099264806,0.009488251333116576,0.004851217976225673
2023-06-16,0.0007941055523244736,0.0013450794340333116,0.0007936436348198494,0.001378801415759631,0.0008047089974197621,0.0013727881198092088
2023-06-20,-0.007482036351034805,-0.0013943534953853136,-0.00750913435074719,-0.0014372425418425466,-0.00756322151972477,-0.0014913655788960564
2023-06-21,-0.0011605592047077649,0.0066799387000717565,-0.001201613767691338,0.0066713843224522895,-0.001345545027363444,0.006770080419211479
2023-06-22,0.008101807031845038,0.009029294919701138,0.008086157298471978,0.009008273108780041,0.008078038987984364,0.008959678919691934
2023-06-23,-0.00518209663414328,-0.0015738257702455317,-0.005177624894647501,-0.0016109251679398608,-0.005124258829034476,-0.00155346868978521
2023-06-26,0.000781180967903676,-0.009297301964990852,0.0008266131089954997,-0.009256550555271654,0.0009317515467281075,-0.009244394142689879
2023-06-27,0.003013629957052796,0.0059536023456364644,0.0030806949830061545,0.005961931605964132,0.0033390110476518996,0.005932253964426241
2023-06-28,-0.003996460150757808,-0.0011668222995375522,-0.003991569904389621,-0.0010839792843463274,-0.003987276416847826,-0.0011815499350824046
2023-06-29,-0.0009432679037976207,0.007145973552980052,-0.000909133273012939,0.007130375669369653,-0.0007383839551487908,0.007236079388199383
2023-06-30,0.006670863984629523,0.018046704111736835,0.006636411766038905,0.01807591841382258,0.006530492427975915,0.0179637001274515
2023-07-03,0.004221803512549633,-0.007655649588740626,0.004223562096414436,-0.007689164866542041,0.004202458256735866,-0.007678116601552594
2023-07-05,0.0018165438923321594,-0.0030092702740508372,0.0017965925771293897,-0.0029772918119568724,0.001699942894068117,-0.0030401185354830607
2023-07-06,-0.008312126249090898,-0.014770162056371407,-0.008305807089976134,-0.014746510228882211,-0.008289229882145154,-0.014838916630451286
2023-07-07,-0.013053272816980361,-0.001996047709515271,-0.01314309360002079,-0.00234981996125188,-0.013272222661967044,-0.003512900442281127
2023-07-10,0.00039685954492831135,0.01522392958257009,0.00045090082358241874,0.015128110625960091,0.0006608070757360963,0.01507391381211269
2023-07-11,0.008539324661931752,0.00017679403732645066,0.008416604401177068,2.0074982781005663e-06,0.007995276530576315,-0.0006290443347112404
2023-07-12,-0.0025570685725646775,0.002491521226916338,-0.002664075694746856,0.002241824367356247,-0.002905906241794677,0.0014210274555729163
2023-07-13,0.002475033316119984,0.016405720359491033,0.0023301096013196845,0.015823276458846142,0.0019062868291729077,0.015117203360814006
2023-07-14,0.002816386561428351,-0.0077808821722676145,0.0029119996266643335,-0.00746645429810387,0.003023918664904675,-0.006874952373921453
2023-07-17,-0.005345607716457774,-0.0005708206936932573,-0.005475248645428474,-0.000798468049727807,-0.00581485039867674,-0.0019035019585270068
2023-07-18,0.0004013314381329224,0.004739443518691504,0.0004957521616887953,0.004693990683334664,0.0007730878135182944,0.004594870268863302
2023-07-19,0.008400389630640057,-0.004958437588456797,0.00831715401998299,-0.004901392559865688,0.008047224096356104,-0.00451656572469872
2023-07-20,0.015617215069016274,0.008887068623824183,0.01575116597155085,0.009157290334622916,0.016145155825678933,0.010100854203227127
2023-07-21,0.005958238732999852,-0.0017625127698960965,0.006089892871884229,-0.0014542997184705925,0.006493553970422694,-0.0002878904625685856
2023-07-24,0.00034142588377219943,-0.007428131286974053,0.0002146757762304666,-0.007503853653454197,-0.00015742285816482016,-0.008187051323757553
2023-07-25,-0.002839657473099286,0.030023771126895138,-0.0029383054516700807,0.029440690165374067,-0.003205114248569181,0.027235553570395657
2023-07-26,0.003541774264778963,-0.010260091540673038,0.0034443312644334267,-0.01019360186680276,0.003118600575809114,-0.009744600444440182
2023-07-27,-0.007196265035426252,-0.00022992141992420065,-0.007061599940022141,-0.00050347793848153,-0.006594660661477205,-0.001382957893182217
2023-07-28,0.0032263431099604245,-0.00018720602464972094,0.0033125067084277295,-3.611834105606793e-05,0.0036034191714112906,0.00028057478803284017
2023-07-31,-0.0043584908183864355,-0.0013055341387860733,-0.0042930764789993366,-0.0012270174436691049,-0.003985896184229784,-0.0011141896449042177
2023-08-01,-0.005517581639025642,-0.00927317026639605,-0.005598650086237819,-0.009332325674906446,-0.00582301660870792,-0.009529747478521413
2023-08-02,-0.008678671284965273,-0.014435137334716311,-0.008574272534310303,-0.014091135847237734,-0.008250125593153336,-0.013174154205196381
2023-08-03,-0.007131756921125212,0.0007108707243091429,-0.007068042856556468,0.0007226391186210192,-0.006730960898092639,0.0005440405904108981
2023-08-04,-0.007059183795173574,0.0009129426962413438,-0.007041459637914002,0.0008005724537581326,-0.00695098103904759,0.000356525157008915
2023-08-07,0.011653880500677932,0.014469900526551975,0.011633532011209936,0.01448717063929011,0.011537363766485296,0.014608795886802509
2023-08-08,-0.0030124953590926233,-0.0030819810632234388,-0.0029979823361287773,-0.003208217083445361,-0.0028385534290063827,-0.003412602026262845
2023-08-09,0.002208447042838151,-0.010034072409337944,0.002196456215939945,-0.010146989152410728,0.0021043477387405656,-0.010260545422892528
2023-08-10,-0.0016974000130085857,0.0012536037369956636,-0.0016806214629870165,0.0014066417080010442,-0.0015467758085117632,0.0018945974276927818
2023-08-11,0.006082417850964371,0.005226897465046897,0.006068914212865455,0.005190254797741629,0.0060688937539007965,0.005282063210225418
2023-08-14,-0.0005201731748078833,0.01541825801612719,-0.0005400878845050581,0.01542638521753051,-0.0005003500834182975,0.01502377820565417
2023-08-15,-0.006353451507384563,-0.01015265272869995,-0.006354596313904856,-0.010201599604445197,-0.006333790269066944,-0.010604763672180563
2023-08-16,-0.0031132566661917264,-0.008219652786631414,-0.003081128276207393,-0.008164348017853823,-0.002977009716053318,-0.008256055038799328
2023-08-17,-0.005351908870777691,-0.021803253106869997,-0.005393644731277928,-0.021858429390298483,-0.005606126976843527,-0.02297014611600913
2023-08-18,0.0037781297930050968,0.003949632479505773,0.003811781759375937,0.003994607335190509,0.003919826728880621,0.004207073700784778
2023-08-21,-0.0034636106602198885,0.008191461413976297,-0.003470036273720213,0.008241911824988015,-0.0034386240222568343,0.007654591251632208
2023-08-22,-0.005754418778828518,-0.011616503276950458,-0.0057295099872942045,-0.011514938198876154,-0.0057019654231160325,-0.010968117484478105
2023-08-23,0.010871052498030621,0.025055543214530022,0.01081943666165286,0.024933910944484033,0.010720298579458973,0.024442982136349687
2023-08-24,-0.009186892065415,-0.016288673776856426,-0.009151906087440508,-0.01632869225592823,-0.009038665515691756,-0.01658276156923101
2023-08-25,0.002892511649319873,0.003495799265412179,0.0029153336075251465,0.0035168173500192807,0.003049553533997047,0.0038303180680844015
2023-08-28,0.0024915154026027664,0.006500273007176639,0.0025056991973546375,0.00668069260371446,0.002452086005918228,0.007116368453057653
2023-08-29,0.0055605830419634015,0.020598947776936005,0.005554870117402161,0.020555031207109196,0.005595127696957498,0.020681193846153374
2023-08-30,0.00114617908354731,-0.004236852609616598,0.0011474748670689458,-0.004298594315777156,0.0010930191115907718,-0.004817980994144457
2023-08-31,-0.0048105720988046085,-0.006126452219884185,-0.004796300852330545,-0.006014321381150816,-0.0047273687200261455,-0.005854195670738372
2023-09-01,0.0008549753480456203,-0.0018132076469686204,0.0007799167993961622,-0.0018710180862585414,0.0005210194014470273,-0.002187497819879901
2023-09-05,-0.009273968048797643,-0.012091556637548635,-0.009239867382947568,-0.012062812497269029,-0.009101516210582571,-0.01203384574142202
2023-09-06,-0.0018842102562574086,-0.009119777174820277,-0.0018782255150428756,-0.009215027980866515,-0.0016580036285641386,-0.009633685467171344
2023-09-07,0.005834573906789152,-0.0023651809547448137,0.005766029228693682,-0.0026034650624645354,0.005382809384103653,-0.003868243532381828
2023-09-08,0.0034884323575067903,-0.0006123257075903309,0.003424747984458243,-0.0007558629832801706,0.003132318600648823,-0.0015294053772588211
2023-09-11,0.0032474602337090918,0.004083280580393935,0.0033653291218654997,0.004229370251084839,0.00378834531389365,0.00479584436581725
2023-09-12,-0.0007887809490324596,0.005700581470085234,-0.0009056007449234352,0.005603127477176505,-0.001257519139286965,0.005327806279543262
2023-09-13,0.0004328053644826351,-0.0062990440287366296,0.0005203454251535932,-0.00618621085639898,0.0008509246262188502,-0.005535589370472899
2023-09-14,0.009526814361904851,0.012796897047378823,0.009532765745879794,0.012775323125585651,0.00946854793124356,0.012751299285154089
2023-09-15,-0.008467083827337879,-0.009333485503532479,-0.00849915213564604,-0.00947531589956662,-0.008517431521347093,-0.00995313617524784
2023-09-18,0.0011243577497716893,0.00670603341369157,0.0010345537172894409,0.006703162485869718,0.000752647731789179,0.00682750333949568
2023-09-19,0.0002588465222370474,-0.00448986306980809,0.0003451954014681875,-0.004519820959939167,0.0006023610825699253,-0.0045588529300621995
2023-09-20,0.001873242215160171,-0.011170536152228018,0.0018624962233067058,-0.011360584082172904,0.0018447649592908855,-0.012310582780912564
2023-09-21,-0.013648954254569084,-0.0160977523052748,-0.013727149452326125,-0.016235023091977677,-0.014040098472345018,-0.01705077778535565
2023-09-22,-0.001378249011415338,-0.003666112301521539,-0.0013754090824001468,-0.0036605757471568448,-0.001278149775912038,-0.0036190076882667175
2023-09-25,-0.0011219474127726662,0.0049489970272743235,-0.0011049113700202285,0.0050542766339830665,-0.0010960340890993838,0.00568801459265695
2023-09-26,-0.006119153806128832,-0.00935191360348896,-0.006153370108147783,-0.009431345896064,-0.0062732052453811716,-0.009795137554377992
2023-09-27,-0.006278362649724858,0.004753540519693281,-0.00628279785205057,0.004916797617809711,-0.006266749576939276,0.00596276002721985
2023-09-28,0.002333526521020407,0.010746128195084699,0.0023937422906703592,0.01082809778080465,0.0025989210205640888,0.011396769464949273
2023-09-29,-0.003962064517152038,-0.010231803074408559,-0.0037922817169456463,-0.010120785073964897,-0.0031654996954506155,-0.009464712947611054
2023-10-02,-0.0075280419711006895,-0.0017807703595738402,-0.007526645289441332,-0.0016848047200912495,-0.0075032453067920436,-0.0012287768855509932
2023-10-03,-0.006411631888838498,-0.011272621303008473,-0.006416488125579415,-0.011409643072172843,-0.00636335061432422,-0.01207888056133451
2023-10-04,0.005027545238871794,0.00500223864863652,0.0050862629738173855,0.00514140457271749,0.005248166061874005,0.0058525138340403925
2023-10-05,-0.011632078020148129,0.003741288205721671,-0.01156016761338745,0.0037746396789273442,-0.01131077120632413,0.004055642565141685
2023-10-06,0.003384541721570398,0.018644179716262463,0.0033915925581490835,0.018596740588360913,0.003396762743036081,0.01790603760378395
2023-10-09,0.004130165866748087,-0.006743206567354163,0.004185723206215615,-0.006652866462922463,0.004329658277116165,-0.006156822181913602
2023-10-10,0.010194487547215407,0.005154183329460349,0.010170602795219663,0.0051263063367422155,0.010073089287649106,0.004501510924590335
2023-10-11,0.0003820486306827192,0.016797404127262494,0.00037794057457581797,0.016804367191335424,0.0003352831366726374,0.01680286660493548
2023-10-12,-0.0042936213743750935,-0.007584161629517308,-0.004275162466778183,-0.007534977016488173,-0.004171992046076919,-0.0068547725409699445
2023-10-13,0.002968015032572251,-0.013695803669594534,0.0029734830713957086,-0.013654412821547553,0.0029814016994934756,-0.013013767750171639
2023-10-16,0.006094606201911332,0.005683273395745206,0.006071044187629895,0.005645524546136256,0.006015619425133012,0.006137125252448716
2023-10-17,0.005368668762218845,-0.005769318255489867,0.005371408295214313,-0.00577447102483112,0.005356415255764309,-0.006302991172331123
2023-10-18,-0.005741984875658812,-0.022218824812468903,-0.005763305312028151,-0.02220512299479964,-0.005771860031297149,-0.021911697659287546
2023-10-19,-0.004710733721964396,-0.006888803830149766,-0.0047356551080466715,-0.006920272473119098,-0.004829882924622752,-0.007116859434813386
2023-10-20,-6.279343527351551e-05,-0.00182586448937194,-6.656921225408866e-05,-0.0018071969055237158,-5.976704467282528e-06,-0.0010226432615556699
2023-10-23,-0.003962932463462042,0.011694491335279248,-0.004007418385715544,0.011609057360280187,-0.004097126954378252,0.011606290827232205
2023-10-24,0.01408786759369581,0.03560789724352956,0.014050595537185335,0.035482675982676966,0.013855556337131326,0.03320164331127623
2023-10-25,-0.001750502274667627,-0.01876457009482825,-0.0017784267735652854,-0.018718000068106127,-0.0018353534714254703,-0.01807800631958125
2023-10-26,-0.003048281876279672,-0.016303133160499278,-0.0030342000505976818,-0.016198812770913538,-0.0029878228635355506,-0.015361360367309573
2023-10-27,-0.017748838468660648,-0.019484902851654332,-0.0178177320375643,-0.01949995203212323,-0.018066143552770766,-0.019632002700412727
2023-10-30,0.007088927507524934,0.020081910668626378,0.007055129141919469,0.020006706454700606,0.007155034675178663,0.01894410875186907
2023-10-31,0.006075147275836427,-0.01029498390217521,0.006074250829353511,-0.010299269432332569,0.005970841405167284,-0.010273785114104574
2023-11-01,0.00492466196431853,0.002468351386393565,0.004906815311681649,0.002518456914326294,0.004887514293157921,0.0032879652444030624
2023-11-02,0.013610549083214407,0.008124423437625157,0.013655951985742034,0.00816299324402424,0.013631562812278696,0.008158918126313145
2023-11-03,0.0012842972080580773,0.013426690911710424,0.0013053064158476796,0.013488135492606258,0.0013036407817739431,0.013851862541499615
2023-11-06,0.0011595487084948796,0.01746690663856441,0.001159040602091755,0.01752265056648284,0.001183885801261463,0.01783880203124732
2023-11-07,0.0013838085629640851,0.0014079969883167075,0.0013988735443811653,0.0014134011579222646,0.0014686823588471922,0.0014625410930924185
2023-11-08,-0.0009281216508232943,0.010250503033648313,-0.0009039863351268751,0.010328941924470305,-0.0008687588073385081,0.0106907090029428
2023-11-09,-0.009652249338103111,-0.005369573792630827,-0.009693161971016542,-0.005295833510432139,-0.009704119371509607,-0.005010916597899591
2023-11-10,0.005367101931472073,0.016774595004459155,0.005352902075836298,0.016863343795524077,0.005443559234840032,0.017265571071497007
2023-11-13,0.00316127176275157,0.003899561600904988,0.0031580501489541337,0.003914730736709867,0.0031505546806194916,0.0038992936639242193
2023-11-14,0.006236016234598986,0.009932842405915368,0.006316808988276202,0.01005093590280859,0.0064446895548245075,0.010479298019203026
2023-11-15,0.003357382472330597,-0.0033363386069957257,0.003360183362984404,-0.0034674021782368893,0.003406518994615721,-0.003876371839048588
2023-11-16,-0.014890051262247954,-0.0005322765744415081,-0.014859126029080912,-0.00030076462781075355,-0.014988896164281585,0.0006732679126791046
2023-11-17,0.0001062211716374229,0.00022163340919027107,9.312903965778714e-05,0.0002944417372017594,7.709172413875701e-05,0.0004752869923803261
2023-11-20,0.0038000610136556066,0.005517112049046265,0.0037953850230725886,0.0055838633712176865,0.00374106486394232,0.0057822337699987535
2023-11-21,0.002795561968564697,-0.006254211107539328,0.0028112934479492748,-0.006173381117988507,0.0028728646274945274,-0.006087305201579563
2023-11-22,-0.0004014646219838434,-0.005832584998145219,-0.00041525446133766863,-0.005941346948341067,-0.00039952529387804854,-0.006227288088028547
2023-11-24,0.004519814041008737,-0.0012912015705975263,0.004531547785492184,-0.001337193681457827,0.004566209384587378,-0.0015837196939008917
2023-11-27,4.514673361922323e-05,0.0010312417744941871,5.961791630326805e-05,0.0010865768382421026,8.081031789592753e-05,0.0012625437882327496
2023-11-28,-0.00018776377060965099,-0.005419136066800258,-0.00019886165547140528,-0.005467367903716124,-0.00016439560910591443,-0.005640492801491092
2023-11-29,-0.0016453847496163763,-7.930389288310718e-05,-0.0016601784234870093,-5.2118972249807564e-05,-0.0017553621312491681,7.316809591968412e-05
2023-11-30,0.008940909117472121,0.004084901075420455,0.008944898993376376,0.00412660217658024,0.00889544335199334,0.004075944168943102
2023-12-01,0.003838006976470068,0.003465707042997066,0.0038423764096592187,0.003446252943754442,0.0037636473024665116,0.003423031453743894
2023-12-04,0.0028995196849123882,-0.0009017491258252917,0.002920114355613088,-0.0011901365861089388,0.0028647898960382804,-0.0020143049378285234
2023-12-05,0.003728167305397835,0.004587902802145045,0.0037050412049263797,0.0044357329828742615,0.0037056145497326117,0.004209934252649038
2023-12-06,-0.0023212010274440247,-0.008303069403855225,-0.002319296014130878,-0.008242215572180496,-0.0023313831390289353,-0.00807669875670837
2023-12-07,0.0005727422454424305,0.0034403843054969037,0.0006057170971452209,0.003498631329403764,0.0006716990484243267,0.003327151731446121
2023-12-08,-0.0010079821857864196,0.012355160564711498,-0.0010394523495331528,0.012278896229528203,-0.0011497729538744719,0.012199608351655048
2023-12-11,0.005091199764180475,-0.014152353234867689,0.00512632716423113,-0.013849407742082041,0.005079487800629614,-0.013730884581362582
2023-12-12,0.003951078373275625,0.013628933992332172,0.003972386119228366,0.013619715771038585,0.004090403727664782,0.013568800754281633
2023-12-13,0.014962385260208206,0.00318695292527443,0.014990668549414244,0.003133280165464317,0.015001242695185284,0.0030927720466681356
2023-12-14,-0.003156527418452886,-0.0034288752793664987,-0.003144909185631064,-0.003535206658345326,-0.0032884777025478417,-0.003491224667313187
2023-12-15,-0.005331164590287313,0.003618729995353239,-0.005325322609553108,0.0037703366554894327,-0.005348677250265581,0.0038503867761257816
2023-12-18,0.0039008813867897037,0.01245665039989506,0.0038663587836400095,0.012413634231043217,0.0037898221286569458,0.012264813573533756
2023-12-19,0.0032008164197230593,0.006857900071425256,0.0032031605987164515,0.006896146322219165,0.0031689393576465504,0.007032605961050712
2023-12-20,-0.012143020056428623,-0.012314748374950361,-0.012161657339831962,-0.012565604252164369,-0.012148840637585942,-0.012638059538850088
2023-12-21,0.0075288797443097645,0.019937666900641315,0.007531860161898361,0.019930183700490052,0.007538834851622032,0.019980405759620515
2023-12-22,0.006202446468606423,0.00022645619535263976,0.006173560183556848,0.00018035685790475858,0.006018046091682534,0.00016239775264073817
2023-12-26,0.0025126104195629033,0.0005979081267172046,0.002554828998109284,0.0007399019632944637,0.00260251561177183,0.0007720275246251209
2023-12-27,0.003741492330148307,0.01469255366467684,0.003732372707197465,0.014405509557901416,0.0037531796364878266,0.014320488901279732
2023-12-28,0.0016354569454397484,-0.0016538832536663849,0.0016761924653197408,-0.0015556644171525102,0.001799487157499818,-0.0015008326270543196
2023-12-29,-4.9136474668441887e-05,-0.005941030019656963,-7.03131834362951e-05,-0.005857066061038275,-0.00012358514564978583,-0.005858596716079607
